block,trial,conditionNum,ltmtrialsoldnew,ltmTrialsOldInvalidCued,ltmTrialsOldInvalidTested,ltmTrialsOldValidCued,ltmWMblockNum,ltmWMtrialNum,ltmWMimageNum,imageNum,ltmrating,ltmratingrts,ltmresptestimgdiff,ltmrespcuediff,ltmrespwmrespdiff,ltmrespdeg,mousposdeg,ltmresprts
0,0,1.0,1,0,0.0,1.0,0,3,0,345,0.0,0.0,-38.468750000000007,-93.166028438344057,-15.468750000000011,69.136551566722801,42.705782763648891,5.4176597574260086
0,1,1.0,1,0,0.0,1.0,0,0,0,600,0.0,0.0,155.85937500000003,80.157957565300038,51.328125000000014,-73.646396800817556,19.1137747856394,3.3257390876533464
0,2,3.0,1,0,1.0,0.0,0,4,0,374,0.0,0.0,-11.578125000000009,0.31626425745603925,-152.57812500000003,49.241792423113822,62.744768893304567,3.767439148738049
0,3,1.0,1,0,0.0,1.0,0,6,0,284,0.0,0.0,93.562500000000043,47.898391718757892,-8.4374999999999858,28.642693575089424,310.467624573504,1.4338302208343521
0,4,1.0,1,0,0.0,1.0,0,1,0,413,0.0,0.0,86.468750000000028,20.142406936743761,-20.390624999999996,-76.409051552158672,330.09312354513742,3.6340780848404393
0,5,3.0,1,0,1.0,0.0,0,2,0,219,0.0,0.0,-25.328125000000018,-156.46031181813487,-78.750000000000014,-58.894246783393363,331.53123024399861,1.1754423577804118
0,6,1.0,1,0,0.0,1.0,0,5,0,67,0.0,0.0,8.3750000000000142,163.32105486377725,-134.29687499999997,86.933514498874104,78.219721169692676,1.1670995402382687
0,7,1.0,1,0,0.0,1.0,0,7,0,756,0.0,0.0,-1.7031250000000118,-168.22042709751705,0.0,-165.52970589993413,17.159080784073332,1.2754449807107449
1,0,1.0,1,0,0.0,1.0,1,4,0,460,0.0,0.0,4.7499999999999964,-98.806808953162573,33.75,-81.603682723361985,182.58054743389826,4.1674656057730317
1,1,3.0,1,0,1.0,0.0,1,1,0,679,0.0,0.0,175.0625,25.363377858582805,0.0,-76.218402764346379,95.598587302562962,1.3589392992435023
1,2,1.0,1,0,0.0,1.0,1,0,0,5,0.0,0.0,169.484375,-49.740578251642987,-127.265625,-72.49552727315637,108.07193639788535,1.5671374012017623
1,3,1.0,1,0,0.0,1.0,1,5,0,560,0.0,0.0,16.140624999999979,-8.3764956280197023,9.140625,143.81073298598491,260.2163547824162,3.4174060204531997
1,4,3.0,1,0,1.0,0.0,1,6,0,310,0.0,0.0,97.359375000000071,-56.181892062061891,58.359375000000007,34.326018779777478,9.5696215122038417,1.5504782801726833
1,5,1.0,1,0,0.0,1.0,1,7,0,557,0.0,0.0,171.28125000000003,56.681087293390711,153.28125,126.79009856162929,48.583559517606261,1.0171064395690337
1,6,1.0,1,0,0.0,1.0,1,2,0,157,0.0,0.0,-150.734375,-128.08565629592141,130.78125000000003,76.712352166579947,49.634573927805107,2.1088822797173634
1,7,1.0,1,0,0.0,1.0,1,3,0,326,0.0,0.0,107.78125000000001,169.6749470709008,-13.359374999999995,123.00665127641302,39.013779300672219,1.3838061015121639
2,0,1.0,1,0,0.0,1.0,2,1,0,734,0.0,0.0,94.312499999999986,147.23097868558031,115.31250000000001,-126.41908178855654,172.04846619949939,2.259016788797453
2,1,3.0,1,0,1.0,0.0,2,0,0,748,0.0,0.0,-69.75,116.51966916683439,-104.06249999999999,-98.530765609948133,62.373744909796031,1.1171190409222618
2,2,1.0,1,0,0.0,1.0,2,3,0,755,0.0,0.0,-55.250000000000043,-45.952255154294676,-11.250000000000028,58.059309025825314,258.19042868418643,2.325705160968937
2,3,1.0,1,0,0.0,1.0,2,4,0,85,0.0,0.0,5.5468749999999956,-164.25762155548523,-79.453125000000028,70.170960037041368,348.57137577245101,1.4090133106801659
2,4,3.0,1,0,1.0,0.0,2,5,0,90,0.0,0.0,147.53125,-28.308311706263048,29.53125,-168.84812444783825,5.6626271019735919,0.8753951455000788
2,5,1.0,1,0,0.0,1.0,2,6,0,697,0.0,0.0,-122.17187499999999,84.872125739796516,73.828125,56.198026796954018,134.14643371607238,1.3588155668694526
2,6,1.0,1,0,0.0,1.0,2,7,0,496,0.0,0.0,-178.79687500000003,-42.505051833877047,-66.796875000000014,-115.09152970967384,248.30922827395099,2.7505519493715838
2,7,1.0,1,0,0.0,1.0,2,2,0,181,0.0,0.0,-151.296875,69.072855392594533,11.95312500000005,88.973303819942132,68.487984301087224,1.1337596306111664
3,0,3.0,1,0,1.0,0.0,3,3,0,42,0.0,0.0,-166.890625,60.058429311980163,2.109375,-151.29404745659889,132.58036486747599,1.7838519453071058
3,1,1.0,1,0,0.0,1.0,3,0,0,19,0.0,0.0,169.23437500000003,24.563987771934542,-61.875000000000007,-56.367458337735862,145.23265270566577,0.8837507925927639
3,2,1.0,1,0,0.0,1.0,3,6,0,41,0.0,0.0,-76.90625,98.955387085993124,-68.906249999999986,98.59122543222766,348.47922218112222,1.5421548491576687
3,3,1.0,1,0,0.0,1.0,3,2,0,717,0.0,0.0,-107.25000000000001,105.11648965455441,102.65624999999999,-153.79988515865264,24.112760590877528,1.1420904741389677
3,4,3.0,1,0,1.0,0.0,3,7,0,484,0.0,0.0,136.5,-99.219259084891945,-112.49999999999999,-21.261263257572555,90.940896203474196,0.95040694868657738
3,5,1.0,1,0,0.0,1.0,3,5,0,763,0.0,0.0,-53.187500000000014,-108.44992271796133,0.0,132.436229788535,285.17737988445708,1.4504785081371665
3,6,1.0,1,0,0.0,1.0,3,4,0,649,0.0,0.0,60.828125,-80.104914432320072,-173.67187500000003,-75.613481021165882,338.95050036437965,1.025441559497267
3,7,1.0,1,0,0.0,1.0,3,1,0,268,0.0,0.0,-102.84375000000006,65.640746059247022,4.9218749999999583,-96.8990481885007,95.590365306238994,0.94211459334474057
4,0,1.0,1,0,0.0,1.0,4,3,0,7,0.0,0.0,14.749999999999998,104.58047118096566,-56.250000000000028,50.141303489938295,217.49707007680945,2.4089197985595092
4,1,1.0,1,0,0.0,1.0,4,6,0,102,0.0,0.0,49.812499999999979,-132.19206727885901,2.8125,39.124807269704917,282.87087342632555,1.5004664199659601
4,2,1.0,1,0,0.0,1.0,4,0,0,632,0.0,0.0,-19.078125000000004,-66.337951278389028,-163.82812499999997,45.859372243644685,247.58348917667652,1.350484153139405
4,3,3.0,1,0,1.0,0.0,4,7,0,393,0.0,0.0,-99.203125,8.5240078154316734,66.796875,42.189285758264823,221.27332901423685,1.2921254840912297
4,4,1.0,1,0,0.0,1.0,4,5,0,245,0.0,0.0,-126.07812499999999,149.54312610409301,49.921875,41.126510275655427,234.67768928374488,0.90039480349514633
4,5,3.0,1,0,1.0,0.0,4,4,0,267,0.0,0.0,137.5,-20.824258529022419,62.578124999999993,40.260927681487011,210.16816539569587,1.2337710915599018
4,6,1.0,1,0,0.0,1.0,4,2,0,471,0.0,0.0,164.609375,110.79668489404101,-115.31250000000001,84.227974670694778,220.5031537969891,1.5838119175750762
4,7,1.0,1,0,0.0,1.0,4,1,0,118,0.0,0.0,155.203125,105.44984019406095,-24.609375000000007,-37.073073317310403,306.21490337245058,1.0004179534735158
5,0,1.0,1,0,0.0,1.0,5,5,0,59,0.0,0.0,-141.14062499999997,175.9133367213802,-54.140625000000007,68.237646935351421,179.57669298794212,1.4004675033502281
5,1,1.0,1,0,0.0,1.0,5,6,0,365,0.0,0.0,-20.078124999999989,-147.17095573690366,139.921875,131.89397290438356,5.3925330947457795,0.85870124259963632
5,2,1.0,1,0,0.0,1.0,5,7,0,87,0.0,0.0,-69.890625,135.70300141323719,137.109375,163.17859010995917,313.24991772036276,1.1754201201256365
5,3,1.0,1,0,0.0,1.0,5,1,0,526,0.0,0.0,-40.078125,140.5350470734528,-90.0,-145.96338964632963,348.59535766507656,1.2838020531926304
5,4,1.0,1,0,0.0,1.0,5,4,0,498,0.0,0.0,-109.625,-52.286941105644551,0.0,95.60743196069177,315.87219231373558,1.1754483447875828
5,5,1.0,1,0,0.0,1.0,5,2,0,575,0.0,0.0,79.734375000000014,67.207111253139487,-129.375,-83.450275658879846,14.593598297555177,1.292134037008509
5,6,3.0,1,0,1.0,0.0,5,3,0,459,0.0,0.0,-37.062499999999993,-130.15634769634391,-108.98437500000004,-169.13799981762136,59.822172120900589,1.042134037008509
5,7,3.0,1,0,1.0,0.0,5,0,0,127,0.0,0.0,-59.812500000000007,-19.88718982084642,-83.671875,104.89134086419321,149.38634649149287,1.1254176682559773
6,0,1.0,1,0,0.0,1.0,6,2,0,694,0.0,0.0,8.3906249999999893,-9.8129508461647905,-69.609375,-23.571327315349741,264.58251103567284,3.7591294025769457
6,1,3.0,1,0,1.0,0.0,6,5,0,429,0.0,0.0,64.843750000000014,-136.30156662024268,54.84375,73.116854109510314,140.54714125377609,0.72537439048755914
6,2,1.0,1,0,0.0,1.0,6,3,0,524,0.0,0.0,17.000000000000028,56.479419848226392,0.0,76.723602957684022,130.66370435420828,1.0254506826167926
6,3,1.0,1,0,0.0,1.0,6,6,0,242,0.0,0.0,-94.656250000000028,82.931335880773148,-12.656250000000021,-5.3815470521319222,262.54794706164137,1.4588079261593521
6,4,1.0,1,0,0.0,1.0,6,7,0,2,0.0,0.0,-131.640625,-95.244607440251869,13.359375,30.860891688349493,303.13386232625305,1.1504295853665099
6,5,1.0,1,0,0.0,1.0,6,4,0,445,0.0,0.0,10.937500000000004,82.746854212802603,17.578125000000004,-50.089250908368925,27.426125398306034,2.258896192535758
6,6,3.0,1,0,1.0,0.0,6,1,0,378,0.0,0.0,10.109375000000044,-179.72882767610139,-52.734374999999993,-116.19718605846828,100.19360378013695,0.80882138281594962
6,7,1.0,1,0,0.0,1.0,6,0,0,217,0.0,0.0,40.843749999999986,121.57666004229692,-145.54687500000003,-92.832111373006001,14.086168753376068,2.050550409941934
7,0,3.0,1,0,1.0,0.0,7,5,0,421,0.0,0.0,-123.15624999999996,-95.244767903906549,-35.156249999999993,74.316892203610379,72.923071312958129,1.2337767934659496
7,1,1.0,1,0,0.0,1.0,7,1,0,538,0.0,0.0,158.9375,80.071837348171073,0.0,-20.65564664817671,233.29055801198393,0.79205592023208737
7,2,1.0,1,0,0.0,1.0,7,6,0,446,0.0,0.0,-173.78124999999997,95.674725115190526,4.2187500000000009,115.66987746686694,70.591801250686061,2.4005955123575404
7,3,1.0,1,0,0.0,1.0,7,4,0,193,0.0,0.0,64.250000000000043,-75.804860474964258,56.25,108.70520992941616,191.89722012442428,1.8588603271637112
7,4,1.0,1,0,0.0,1.0,7,0,0,639,0.0,0.0,30.765624999999996,-127.09893063189307,94.921875000000028,-13.590948447841331,350.8070953354121,0.95874606003053486
7,5,1.0,1,0,0.0,1.0,7,3,0,746,0.0,0.0,159.40625,-173.20519647349136,-54.84375,99.703929484737969,272.8622920207967,1.1754278177395463
7,6,1.0,1,0,0.0,1.0,7,7,0,139,0.0,0.0,-91.374999999999986,-108.58118631682059,5.625,-27.568537054438231,59.943776662238179,1.1504535336280242
7,7,3.0,1,0,1.0,0.0,7,2,0,451,0.0,0.0,100.98437500000001,43.420882207881242,-165.23437500000003,17.783888442692525,317.77027402489438,2.175536725204438
8,0,1.0,1,0,0.0,1.0,8,0,0,645,0.0,0.0,-110.59375000000001,-67.632049752442853,0.0,64.269294398468801,219.8216552487489,1.9005219570826739
8,1,1.0,1,0,0.0,1.0,8,4,0,615,0.0,0.0,142.89062500000003,122.08584765621823,87.890625,98.983443261834751,312.64331627145719,1.1337596306111664
8,2,1.0,1,0,0.0,1.0,8,1,0,1,0.0,0.0,-97.359375000000014,34.168052264333816,-146.25,95.042451069170923,117.23769291392786,1.1087383052799851
8,3,1.0,1,0,0.0,1.0,8,3,0,490,0.0,0.0,-45.156249999999972,-23.712112188567637,0.0,157.41268946863428,145.31134248880633,0.85041544458363205
8,4,1.0,1,0,0.0,1.0,8,2,0,277,0.0,0.0,-97.234375,175.0770591572963,-151.87500000000003,178.39211963008626,238.63045841341099,0.86706059577409178
8,5,1.0,1,0,0.0,1.0,8,5,0,472,0.0,0.0,-171.87500000000003,-75.289775938756037,0.0,179.00191665659227,225.23486176266221,1.3921258262125775
8,6,3.0,1,0,1.0,0.0,8,6,0,305,0.0,0.0,-7.2187499999999787,19.379443292952484,0.0,-67.664557434696107,18.196476374747029,3.1090325262630358
8,7,3.0,1,0,1.0,0.0,8,7,0,251,0.0,0.0,31.703124999999996,-150.01323154960014,0.0,2.3073729969622017,134.26297065947344,2.5422831432661042
9,0,3.0,1,0,1.0,0.0,9,7,0,64,0.0,0.0,165.6875,170.73169593415705,-115.31250000000001,122.66091272167381,18.883363774728664,2.533974822377786
9,1,1.0,1,0,0.0,1.0,9,1,0,313,0.0,0.0,-45.65625,-21.152143288462185,0.0,32.722901948891973,61.736331229313627,3.2923740893602371
9,2,1.0,1,0,0.0,1.0,9,2,0,80,0.0,0.0,-14.890624999999996,-130.25260016313982,0.0,-13.147242375269492,72.770277699427126,1.883788425475359
9,3,1.0,1,0,0.0,1.0,9,4,0,549,0.0,0.0,-120.421875,-12.670327951769783,-162.42187499999997,7.3006158238791752,177.22047198941374,1.7171664241468534
9,4,1.0,1,0,0.0,1.0,9,6,0,142,0.0,0.0,-69.953124999999986,-170.0054381101105,168.04687500000003,30.165007805741268,317.8525009971064,1.217112825717777
9,5,1.0,1,0,0.0,1.0,9,5,0,509,0.0,0.0,149.125,-165.77999176692987,0.0,9.5600964808863012,156.01166395454729,3.3840373158454895
9,6,3.0,1,0,1.0,0.0,9,3,0,154,0.0,0.0,160.40625,134.0432187713478,163.82812499999997,20.67442476087389,209.27029088512913,1.0005379795329645
9,7,1.0,1,0,0.0,1.0,9,0,0,603,0.0,0.0,9.8750000000000036,-91.320170250157204,177.18750000000003,-109.82246457036524,156.78052294824667,2.425582340802066
10,0,1.0,1,0,0.0,1.0,10,3,0,11,0.0,0.0,-31.140625000000014,-25.235823612422447,-9.1406250000000089,102.37084416428445,157.43239123416706,3.9092379678040743
10,1,1.0,1,0,0.0,1.0,10,6,0,79,0.0,0.0,-32.843750000000021,-38.184722087760029,-9.8437500000000338,22.492611899058694,84.672467809312593,1.1337582051055506
10,2,3.0,1,0,1.0,0.0,10,0,0,257,0.0,0.0,-84.593750000000014,-175.85561379617695,10.546875000000004,30.596009467062682,166.01100925060373,1.2253550038440153
10,3,1.0,1,0,0.0,1.0,10,4,0,362,0.0,0.0,84.859375000000014,8.9486464123895608,125.859375,31.23921488820876,296.36686967440033,1.1171067816903815
10,4,1.0,1,0,0.0,1.0,10,7,0,262,0.0,0.0,130.56250000000003,156.68173494178825,-53.437499999999986,30.726297585788615,347.09334836392577,1.8755043379496783
10,5,1.0,1,0,0.0,1.0,10,5,0,184,0.0,0.0,-83.640625000000014,-124.27961022026413,0.0,45.584630520705183,351.9932096774433,1.367117615416646
10,6,3.0,1,0,1.0,0.0,10,2,0,727,0.0,0.0,-34.906250000000007,100.03244338567637,-70.312499999999972,50.02907358178544,211.75035055945588,1.2920978296315297
10,7,1.0,1,0,0.0,1.0,10,1,0,31,0.0,0.0,-28.203124999999993,40.168134097943948,-58.359374999999979,27.39403193741752,341.64687671730763,1.9672300009988248
11,0,1.0,1,0,0.0,1.0,11,4,0,475,0.0,0.0,-166.81250000000003,-11.459001405569541,-47.8125,128.14567035930611,221.38816813938885,1.5338017679750919
11,1,1.0,1,0,0.0,1.0,11,0,0,659,0.0,0.0,-25.000000000000021,156.77330462731155,-42.187500000000007,3.7722836093798371,45.223608133396823,0.98366075870580971
11,2,1.0,1,0,0.0,1.0,11,6,0,761,0.0,0.0,-175.45312500000006,144.91362459019464,-124.45312500000001,93.366460663429805,275.88922135064553,0.91721785580739379
11,3,3.0,1,0,1.0,0.0,11,1,0,148,0.0,0.0,-137.25,58.80927128564629,-101.24999999999999,18.043412005331277,335.00086586706277,0.90038910147268325
11,4,3.0,1,0,1.0,0.0,11,7,0,372,0.0,0.0,17.25,9.5622053778565892,-33.75,18.499543811916805,148.80999746678907,1.0003469639923424
11,5,1.0,1,0,0.0,1.0,11,5,0,423,0.0,0.0,142.109375,150.49666496881628,0.0,30.010137640318209,126.08307223263837,1.7671822756528854
11,6,1.0,1,0,0.0,1.0,11,3,0,263,0.0,0.0,-97.25,-10.299622034394163,-90.000000000000014,53.501879411481454,262.48671030084091,1.1421221200143918
11,7,1.0,1,0,0.0,1.0,11,2,0,389,0.0,0.0,-174.3125,-53.759461888505747,-170.859375,44.548861453212723,112.0362980894464,1.3004529064055532
12,0,3.0,1,0,1.0,0.0,12,7,0,609,0.0,0.0,-126.12500000000001,17.533961854529963,-163.12500000000003,-109.54292019556793,73.865640008489862,1.3921303877141327
12,1,1.0,1,0,0.0,1.0,12,4,0,259,0.0,0.0,-4.0000000000000053,-63.204719140005352,-45.000000000000014,-114.78900692371927,245.11165578442686,1.0421135099604726
12,2,1.0,1,0,0.0,1.0,12,0,0,35,0.0,0.0,-152.890625,-105.18685106440061,-149.765625,-98.186385027126448,179.23213976880157,0.91707046027295291
12,3,3.0,1,0,1.0,0.0,12,2,0,635,0.0,0.0,-141.98437500000006,-170.12361151751864,-156.09375000000003,-97.125016348901809,20.514970259068228,1.1337599157122895
12,4,1.0,1,0,0.0,1.0,12,1,0,213,0.0,0.0,-93.625,-172.58545181662845,84.375000000000028,15.310405703762374,89.922939186561564,0.90871053677983582
12,5,1.0,1,0,0.0,1.0,12,5,0,202,0.0,0.0,78.781250000000014,93.845971712042584,0.0,-99.996221997478926,309.39951343303846,1.033748454763554
12,6,1.0,1,0,0.0,1.0,12,6,0,404,0.0,0.0,132.875,159.19073602927961,0.0,-98.621775419678471,37.929807022448628,0.92539674218278378
12,7,1.0,1,0,0.0,1.0,12,3,0,699,0.0,0.0,-0.89062500000000022,-97.69659558404939,111.09375000000004,-107.92224859707345,84.253965253193698,1.1671018210472539
13,0,3.0,1,0,1.0,0.0,13,6,0,348,0.0,0.0,82.890625000000043,-1.0723615193397535,-2.1093749999999813,141.00900595749454,213.57138497375058,1.1170982287731022
13,1,3.0,1,0,1.0,0.0,13,3,0,432,0.0,0.0,17.937499999999989,-140.60137832775473,-59.062500000000014,135.97574618729482,164.07835726199224,0.95041806739754975
13,2,1.0,1,0,0.0,1.0,13,5,0,289,0.0,0.0,15.109375000000002,-26.680187167889684,-177.89062500000003,9.5989030685418033,349.72677335009098,1.7005001755896956
13,3,1.0,1,0,0.0,1.0,13,2,0,517,0.0,0.0,153.265625,56.355287736263534,-99.843749999999986,16.578790775473141,138.64027948587443,0.89205882814712822
13,4,1.0,1,0,0.0,1.0,13,7,0,658,0.0,0.0,5.1250000000000115,-48.946878771410134,163.125,12.80426606528675,118.1248735240457,0.62537262286059558
13,5,1.0,1,0,0.0,1.0,13,0,0,61,0.0,0.0,78.328125000000014,108.71103466816014,8.4374999999999858,-6.130488731240729,342.15192964888666,1.0337410422507674
13,6,1.0,1,0,0.0,1.0,13,1,0,98,0.0,0.0,-0.046875000000032072,97.663819604593385,-18.984375000000011,-79.875328344602195,155.26431456071251,1.7421826177742332
13,7,1.0,1,0,0.0,1.0,13,4,0,417,0.0,0.0,-144.87500000000003,-130.81533428737367,135.0,-8.7778173861372029,305.06139761698876,1.542145726038143
14,0,3.0,1,0,1.0,0.0,14,3,0,556,0.0,0.0,59.21875,-88.391343128028254,94.21875,5.4403320310055063,26.193660292215519,0.92533345043193549
14,1,1.0,1,0,0.0,1.0,14,1,0,426,0.0,0.0,-170.984375,-60.366656727093257,0.0,3.8545284257182328,351.77387746953804,1.008733116555959
14,2,1.0,1,0,0.0,1.0,14,0,0,3,0.0,0.0,-176.23437500000003,-135.25149813537075,10.546875000000002,4.1849161251184155,119.65682484808998,1.0336683422792703
14,3,3.0,1,0,1.0,0.0,14,2,0,302,0.0,0.0,-85.374999999999986,28.34054775922062,80.859375,4.557419019714005,243.880555707512,0.96709087316412479
14,4,1.0,1,0,0.0,1.0,14,7,0,433,0.0,0.0,-133.796875,-24.087929006205652,-66.796875000000014,1.4906318352623145,303.80126148454013,1.0087741706520319
14,5,1.0,1,0,0.0,1.0,14,4,0,592,0.0,0.0,-17.937499999999989,128.73060529173327,-54.140624999999993,6.0300088082814591,307.40634363146256,0.9421046149218455
14,6,1.0,1,0,0.0,1.0,14,5,0,647,0.0,0.0,36.4375,70.626367590696134,174.37500000000003,1.4219436584424134,133.72816547791592,1.533701698645018
14,7,1.0,1,0,0.0,1.0,14,6,0,528,0.0,0.0,148.515625,174.22304122055772,130.07812500000003,15.346208895809166,213.91897721961229,2.1088839903241023
15,0,3.0,1,0,1.0,0.0,15,6,0,379,0.0,0.0,-135.25000000000003,-61.050169343004477,-56.250000000000028,16.057029036845577,240.92434242188696,1.0837571787415072
15,1,1.0,1,0,0.0,1.0,15,4,0,62,0.0,0.0,-16.468749999999986,30.014811310192528,-60.468750000000014,44.555855566888077,190.80303640222974,0.75040369853377342
15,2,3.0,1,0,1.0,0.0,15,3,0,337,0.0,0.0,-107.07812500000001,148.04706444286185,-175.07812500000003,46.771469740034078,175.77793798889925,0.96710056660231203
15,3,1.0,1,0,0.0,1.0,15,1,0,69,0.0,0.0,5.7187499999999938,120.79941724645477,132.1875,43.354881548262725,343.27265535770761,0.65870055835694075
15,4,1.0,1,0,0.0,1.0,15,0,0,726,0.0,0.0,64.953125000000014,-132.93366932380434,-156.79687499999997,43.836793754758858,210.18621692107561,1.5505737878847867
15,5,1.0,1,0,0.0,1.0,15,5,0,753,0.0,0.0,13.703125000000028,-165.22575219338572,0.0,44.562636132479263,61.990016080254804,0.91707787266932428
15,6,1.0,1,0,0.0,1.0,15,2,0,24,0.0,0.0,-8.406250000000032,32.775120079155506,173.671875,31.706850785916174,4.4707836708535176,4.2341613904573023
15,7,1.0,1,0,0.0,1.0,15,7,0,638,0.0,0.0,10.531250000000011,-149.86549228075833,0.0,-56.64597424848322,327.76959047694072,1.1589876518119127
16,0,1.0,1,0,0.0,1.0,16,5,0,212,0.0,0.0,81.687500000000014,-110.53524053569461,19.6875,173.59146342028708,158.92778409904912,10.759996099863201
16,1,3.0,1,0,1.0,0.0,16,6,0,399,0.0,0.0,-89.093749999999972,-21.605931984960815,-111.09375,-7.9857807966333176,27.08539996011077,1.7671640292974189
16,2,1.0,1,0,0.0,1.0,16,4,0,131,0.0,0.0,4.9531249999999627,-159.34375741111259,-123.04687500000001,-4.7808838748319564,177.90720300621715,1.0337490249658003
16,3,1.0,1,0,0.0,1.0,16,0,0,626,0.0,0.0,-16.75,72.587088612199182,36.5625,-22.103559774449376,45.893968921281584,17.160823396639898
16,4,1.0,1,0,0.0,1.0,16,1,0,489,0.0,0.0,147.328125,-134.9592665565666,162.42187499999997,-19.369762034901353,242.43083588140422,0.80872530478518456
16,5,3.0,1,0,1.0,0.0,16,7,0,377,0.0,0.0,55.0625,-106.78063530718039,-30.937500000000011,-22.17321334925958,164.3782296175967,0.84206150809768587
16,6,1.0,1,0,0.0,1.0,16,3,0,515,0.0,0.0,159.390625,147.12568144183621,144.140625,-23.144333162903493,45.097061760323172,0.79202655516564846
16,7,1.0,1,0,0.0,1.0,16,2,0,540,0.0,0.0,-78.562500000000014,-7.2031065463310133,-138.515625,-19.555666920456741,281.66316222118581,1.033757577999495
17,0,3.0,1,0,1.0,0.0,17,7,0,401,0.0,0.0,-159.25000000000003,-110.35231722999413,-146.25,7.0197417232035706,233.0749083764444,1.3504644812783226
17,1,1.0,1,0,0.0,1.0,17,0,0,507,0.0,0.0,124.45312500000001,157.37403263724661,-179.29687500000003,12.528807709151511,77.107807116771411,0.89205426664557308
17,2,3.0,1,0,1.0,0.0,17,2,0,95,0.0,0.0,125.74999999999999,-126.48324476570986,0.0,16.252085708860406,216.60276114949625,1.108795324806124
17,3,1.0,1,0,0.0,1.0,17,1,0,663,0.0,0.0,35.734375,-4.6765000592240407,108.28125,14.541930068040188,20.449505067787786,2.6589639887679368
17,4,1.0,1,0,0.0,1.0,17,4,0,488,0.0,0.0,36.140625,32.999384626114427,0.0,6.525764471951109,29.114710351083481,5.1175141864223406
17,5,1.0,1,0,0.0,1.0,17,3,0,288,0.0,0.0,-5.5312500000000178,129.95063913671032,52.734374999999993,7.7362190120402499,34.463226868843584,0.90872650220990181
17,6,1.0,1,0,0.0,1.0,17,6,0,415,0.0,0.0,172.3125,-64.735834455272908,0.0,11.66877400036895,27.751479353184973,0.78372194059193134
17,7,1.0,1,0,0.0,1.0,17,5,0,752,0.0,0.0,177.62500000000003,84.821889181467526,170.15625000000003,9.1623470457217095,187.7067819482042,0.99209879897534847
18,0,1.0,1,0,0.0,1.0,18,4,0,730,0.0,0.0,-117.26562500000001,-72.194284569341022,7.7343750000000009,23.962488974578186,128.6968453891252,1.5921983551234007
18,1,3.0,1,0,1.0,0.0,18,3,0,593,0.0,0.0,-167.68750000000003,-53.182665561278384,-109.68750000000001,11.682246378420555,228.46696643356302,8.359622678719461
18,2,3.0,1,0,1.0,0.0,18,0,0,166,0.0,0.0,42.328125000000007,40.883059496083099,178.59375,13.37300939412405,229.47165462878138,0.85038436879403889
18,3,1.0,1,0,0.0,1.0,18,2,0,189,0.0,0.0,74.921874999999986,-2.7752362726924908,-91.406250000000014,12.869174672668963,30.375316715501977,1.142103303456679
18,4,1.0,1,0,0.0,1.0,18,5,0,687,0.0,0.0,160.0625,-127.38270535188471,-120.9375,10.86200018237861,172.91624637047335,0.95054408069700003
18,5,1.0,1,0,0.0,1.0,18,6,0,480,0.0,0.0,-99.281249999999986,138.91597389948222,-153.28125,9.1416402235248952,274.77652868625097,2.0838908896548674
18,6,1.0,1,0,0.0,1.0,18,1,0,330,0.0,0.0,108.31250000000001,47.258370681004585,-180.0,-7.458127592823165,200.96877009432686,8.8264141991967335
18,7,1.0,1,0,0.0,1.0,18,7,0,585,0.0,0.0,-123.3125,157.08704344566019,0.0,-5.7927964950321584,337.45462443100251,1.2254750300198793
19,0,1.0,1,0,0.0,1.0,19,5,0,28,0.0,0.0,-129.26562500000006,175.75985554401646,-37.265625000000014,28.244251070801013,99.919265984449098,1.4088331288658082
19,1,1.0,1,0,0.0,1.0,19,2,0,33,0.0,0.0,-25.734374999999996,-78.58921729349882,-97.734375000000028,30.89603105591689,247.84898634762746,1.1420856274198741
19,2,3.0,1,0,1.0,0.0,19,7,0,757,0.0,0.0,120.39062500000001,-154.14913531065005,20.390625,25.789521154815947,335.19037135275153,0.84206122299656272
19,3,3.0,1,0,1.0,0.0,19,4,0,504,0.0,0.0,106.96875000000001,111.12965675162607,82.96875,34.974772824150946,258.6260866824947,1.4587879693135619
19,4,1.0,1,0,0.0,1.0,19,6,0,725,0.0,0.0,149.078125,-35.808915300117313,40.078125000000007,34.628297342775241,245.15085597653959,1.658745888969861
19,5,1.0,1,0,0.0,1.0,19,3,0,698,0.0,0.0,145.81249999999997,59.209671100435749,-170.15625000000003,36.86989764584402,163.39655695258415,0.83374834072310477
19,6,1.0,1,0,0.0,1.0,19,0,0,143,0.0,0.0,-16.5625,154.24692155902261,45.703125000000036,37.405356631408559,231.67388120796107,1.1004465202568099
19,7,1.0,1,0,0.0,1.0,19,1,0,120,0.0,0.0,121.73437500000001,23.368653638217211,-164.53125,45.0,20.075526998840868,0.84206464432645589
20,0,1.0,1,0,0.0,1.0,20,3,0,494,0.0,0.0,93.125000000000014,-47.472405335338458,28.125,55.858349474155965,140.07442851981713,1.3421490332111716
20,1,1.0,1,0,0.0,1.0,20,6,0,455,0.0,0.0,-77.421874999999986,154.37834677059419,107.578125,41.633539336570202,102.84401536730432,0.85037809668574482
20,2,3.0,1,0,1.0,0.0,20,7,0,437,0.0,0.0,-31.828124999999996,159.013881977881,106.171875,110.91882496107834,167.2188193323141,0.89208819332998246
20,3,3.0,1,0,1.0,0.0,20,5,0,235,0.0,0.0,33.531250000000007,103.85091126779714,-60.468750000000014,-59.452428251092975,231.52691146223711,1.1671115143690258
20,4,1.0,1,0,0.0,1.0,20,0,0,227,0.0,0.0,65.812499999999986,129.68669604928505,-115.31250000000001,-69.805665754816033,336.99013336421388,1.2086953124962747
20,5,1.0,1,0,0.0,1.0,20,1,0,122,0.0,0.0,176.796875,117.82374827240241,94.21875,165.30926379387941,191.48101511825593,0.6587327744346112
20,6,1.0,1,0,0.0,1.0,20,2,0,574,0.0,0.0,-159.8125,-144.61425757786171,-63.984374999999986,-128.88449643371462,336.8118983621149,1.1671015359461308
20,7,1.0,1,0,0.0,1.0,20,4,0,559,0.0,0.0,-110.32812500000003,87.703083157512012,80.859375,66.143496438227345,213.21554598468612,1.1920977726113051
21,0,1.0,1,0,0.0,1.0,21,0,0,706,0.0,0.0,50.984375000000007,-162.311848746458,0.0,-14.284705828557129,110.68072253346401,1.3171106019290164
21,1,3.0,1,0,1.0,0.0,21,1,0,450,0.0,0.0,5.343749999999992,104.98269731305666,0.0,-21.607450242453602,58.084442855722315,0.84205979749094695
21,2,3.0,1,0,1.0,0.0,21,6,0,146,0.0,0.0,124.34375,-63.28988893342553,-57.656250000000021,16.496858005748532,283.52962874482665,1.025477196672
21,3,1.0,1,0,0.0,1.0,21,5,0,385,0.0,0.0,6.8281249999999982,-114.70365729989985,28.828124999999996,78.029738626532648,346.10208608266674,0.93373271741438657
21,4,1.0,1,0,0.0,1.0,21,3,0,145,0.0,0.0,105.78125000000001,156.52466019935233,146.953125,151.11942912055287,175.0633793403623,1.0670664118370041
21,5,1.0,1,0,0.0,1.0,21,4,0,266,0.0,0.0,-142.95312499999997,-1.903166411535818,82.265625,13.882360813273545,252.34098545396699,0.80039446137379855
21,6,1.0,1,0,0.0,1.0,21,7,0,298,0.0,0.0,-67.8125,-13.656970725603074,42.1875,-76.944752776203401,320.68549511565499,0.82549789478071034
21,7,1.0,1,0,0.0,1.0,21,2,0,352,0.0,0.0,-138.140625,86.136466300994229,138.51562500000003,-178.78112476486871,309.61491434759773,1.125425080768764
22,0,1.0,1,0,0.0,1.0,22,4,0,100,0.0,0.0,-134.78125000000003,-178.17258130214967,-40.781250000000028,79.019349989826452,53.690230672581613,0.84206721012014896
22,1,1.0,1,0,0.0,1.0,22,2,0,409,0.0,0.0,-154.40625,130.46872326915954,-46.406250000000014,84.656944241424839,223.66374851345157,0.86706971889361739
22,2,1.0,1,0,0.0,1.0,22,1,0,564,0.0,0.0,-103.31250000000001,25.19381850230662,111.09375,82.977206164426789,99.780255583549319,1.2587582051055506
22,3,1.0,1,0,0.0,1.0,22,0,0,54,0.0,0.0,88.484375000000014,-66.320072048494296,-97.734374999999972,77.339377079741269,196.49263843714243,1.3504545029718429
22,4,1.0,1,0,0.0,1.0,22,6,0,272,0.0,0.0,167.0,98.705273081611338,135.0,73.047063577287901,164.57956923959404,0.89208762312773615
22,5,3.0,1,0,1.0,0.0,22,3,0,333,0.0,0.0,62.874999999999993,33.536764724799468,-69.609375000000014,70.431289688964014,95.907788508347139,0.73373488418292254
22,6,1.0,1,0,0.0,1.0,22,5,0,536,0.0,0.0,-174.74999999999997,-116.0646505490609,-95.625,104.75432664989158,85.227690417731054,0.6920481655979529
22,7,3.0,1,0,1.0,0.0,22,7,0,652,0.0,0.0,46.484374999999979,10.414763722584079,0.0,131.78779023989077,286.84528509412513,0.69203362555708736
23,0,1.0,1,0,0.0,1.0,23,0,0,150,0.0,0.0,-135.18749999999997,30.091653115117246,0.0,96.009005957494537,29.457313380285534,1.3171559325419366
23,1,1.0,1,0,0.0,1.0,23,1,0,513,0.0,0.0,114.34375,110.31077776909729,0.0,89.790126288432461,156.90934500031392,0.88376875373069197
23,2,1.0,1,0,0.0,1.0,23,4,0,586,0.0,0.0,-135.29687500000003,-75.67301596976948,0.703125,93.449825904246055,113.69515308396542,0.65037798264529556
23,3,3.0,1,0,1.0,0.0,23,7,0,439,0.0,0.0,-165.60937499999997,-101.11905032725177,155.390625,93.474407367531668,202.45592980558624,0.65037741244304925
23,4,3.0,1,0,1.0,0.0,23,2,0,358,0.0,0.0,5.9218750000000036,-145.8144578414944,49.21875,93.341943857261143,116.15332403675178,0.55034114804584533
23,5,1.0,1,0,0.0,1.0,23,3,0,478,0.0,0.0,46.546875,24.001153231289823,-144.84375000000003,129.62159445089955,162.19462278492281,1.9088624939322472
23,6,1.0,1,0,0.0,1.0,23,6,0,252,0.0,0.0,10.968750000000023,-78.154019471004773,0.0,-56.309932474020215,233.85696354475246,1.867184043279849
23,7,1.0,1,0,0.0,1.0,23,5,0,72,0.0,0.0,-152.32812500000003,108.55436706894046,-61.875000000000007,23.144333162903493,39.593992681517818,1.5503936059540138
24,0,1.0,1,0,0.0,1.0,24,5,0,408,0.0,0.0,-38.109374999999993,-125.07377841571952,177.890625,35.318341553494541,252.20713521770313,1.7839520146371797
24,1,1.0,1,0,0.0,1.0,24,4,0,452,0.0,0.0,-49.109374999999993,-87.639406178063894,87.890625,25.844387554560335,264.12352963066695,0.65862301178276539
24,2,1.0,1,0,0.0,1.0,24,0,0,666,0.0,0.0,110.34374999999997,-42.200242929378803,169.45312499999997,24.615704204581288,161.80068514387324,0.78371937479823828
24,3,1.0,1,0,0.0,1.0,24,2,0,581,0.0,0.0,-163.18750000000003,112.86187957545211,150.46875,27.016189723865274,223.61468089641539,0.70887349871918559
24,4,1.0,1,0,0.0,1.0,24,3,0,736,0.0,0.0,-42.906249999999972,59.777763410883942,-161.71874999999997,27.950969027890181,238.62688112170483,0.6586854481138289
24,5,3.0,1,0,1.0,0.0,24,7,0,760,0.0,0.0,-52.218749999999993,134.51069118868799,85.78125,29.19748604606448,154.20585272819139,0.69202364713419229
24,6,3.0,1,0,1.0,0.0,24,6,0,207,0.0,0.0,-117.171875,10.292887598044597,0.0,29.843116570616747,311.60523810231302,0.81704046798404306
24,7,1.0,1,0,0.0,1.0,24,1,0,112,0.0,0.0,-28.531250000000011,178.17968504634584,152.578125,34.2943150895277,235.64856604915573,0.750499491347
25,0,1.0,1,0,0.0,1.0,25,2,0,234,0.0,0.0,-138.32812500000003,64.716275032909593,-6.3281250000000178,1.4741983384408019,350.21954599379421,1.6171538229100406
25,1,1.0,1,0,0.0,1.0,25,4,0,514,0.0,0.0,118.078125,1.5082367366800569,85.078125,6.9175178282125218,119.67072697119558,1.0170328842941672
25,2,1.0,1,0,0.0,1.0,25,0,0,741,0.0,0.0,-80.546875000000028,-171.00807181652468,-4.2187499999999867,12.33296266268805,256.01264794056715,1.2504433271242306
25,3,3.0,1,0,1.0,0.0,25,1,0,89,0.0,0.0,149.859375,-147.59783434906507,40.78125,12.46284943493478,291.9240711266803,0.99205974058713764
25,4,1.0,1,0,0.0,1.0,25,7,0,534,0.0,0.0,-29.328125000000004,-57.92558604464417,173.671875,12.57390473211983,249.53352425683434,0.84206721012014896
25,5,3.0,1,0,1.0,0.0,25,5,0,244,0.0,0.0,-147.84375,40.865562483753791,0.0,12.665063765042364,110.98196431499649,0.60872119944542646
25,6,1.0,1,0,0.0,1.0,25,6,0,287,0.0,0.0,163.296875,139.63106380779507,0.0,11.472473256461475,134.46586908347808,1.4671342080691829
25,7,1.0,1,0,0.0,1.0,25,3,0,226,0.0,0.0,-19.40625,-111.45361621155419,-82.265625,8.3721105432925231,187.54374416489912,1.0004293572856113
26,0,1.0,1,0,0.0,1.0,26,4,0,636,0.0,0.0,151.40625,12.196176607240009,1.40625,68.813823559600877,126.00320054416117,1.0920951496809721
26,1,1.0,1,0,0.0,1.0,26,3,0,405,0.0,0.0,-23.562500000000007,163.2616788724311,53.4375,25.211859223298305,20.650298438231196,0.94205500790849328
26,2,1.0,1,0,0.0,1.0,26,0,0,216,0.0,0.0,4.7343749999999947,175.36979179980145,51.328124999999993,-54.632051062620867,215.39061109600519,0.98376852564979345
26,3,1.0,1,0,0.0,1.0,26,2,0,360,0.0,0.0,1.7500000000000184,170.99505150680417,161.015625,-11.768288932020647,50.811544206866152,0.98385262943338603
26,4,3.0,1,0,1.0,0.0,26,7,0,643,0.0,0.0,-38.093749999999986,-2.0745645264179848,-111.09375,12.195049661898686,259.01712444295731,1.0837540427455679
26,5,1.0,1,0,0.0,1.0,26,5,0,619,0.0,0.0,-8.9062499999999876,-16.460408888871971,0.0,-21.28156573873812,346.44253322422827,1.0420704601565376
26,6,3.0,1,0,1.0,0.0,26,1,0,51,0.0,0.0,-63.031250000000007,130.59423712588838,-15.468750000000005,24.310476211142955,153.50133757362303,1.3253798644291237
26,7,1.0,1,0,0.0,1.0,26,6,0,718,0.0,0.0,99.078125,156.49095466222442,-87.890625,93.71796410330316,316.61279938741927,1.2504464631201699
27,0,1.0,1,0,0.0,1.0,27,1,0,149,0.0,0.0,167.59375,-90.075630697899243,-1.4062500000000091,-137.34927864748013,291.90411730196757,3.2674000903498381
27,1,1.0,1,0,0.0,1.0,27,5,0,482,0.0,0.0,31.718750000000007,51.453258998817802,116.71875000000001,51.239555234330645,319.29050039086565,0.66704252059571445
27,2,1.0,1,0,0.0,1.0,27,6,0,620,0.0,0.0,32.531250000000028,-80.975966543892469,29.53125,-9.5301278325999501,196.05612580372943,0.99207941233180463
27,3,1.0,1,0,0.0,1.0,27,7,0,469,0.0,0.0,62.046875000000007,-51.096133497502663,78.046875,-34.824489156956794,68.4102797581142,2.4089229346718639
27,4,1.0,1,0,0.0,1.0,27,2,0,241,0.0,0.0,9.0000000000000142,-39.542598496054588,-29.53125,-153.34371358233798,107.35431200589198,1.0920911582652479
27,5,1.0,1,0,0.0,1.0,27,4,0,347,0.0,0.0,-62.312500000000007,53.346624550233201,154.6875,-177.90984084628931,187.02045183306444,0.91705506492871791
27,6,3.0,1,0,1.0,0.0,27,0,0,599,0.0,0.0,-29.812499999999989,-21.799505651208264,178.59375000000003,158.69613654636879,184.68425712596706,0.9670988559955731
27,7,3.0,1,0,1.0,0.0,27,3,0,182,0.0,0.0,133.671875,-135.27246047908443,-129.37500000000003,40.532840938610725,134.79290471551343,0.74206202127970755
28,0,1.0,1,0,0.0,1.0,28,4,0,32,0.0,0.0,-165.85937500000003,23.04288889954201,-80.859375000000014,-178.430645195251,94.001506065966652,1.3754766834899783
28,1,1.0,1,0,0.0,1.0,28,1,0,506,0.0,0.0,166.375,-174.32312900496916,0.0,53.580918211443482,219.37575036455874,0.60869668098166585
28,2,1.0,1,0,0.0,1.0,28,7,0,156,0.0,0.0,13.562500000000034,-5.4216683157875529,-8.4374999999999858,86.36064785508475,232.85574437263332,0.66695242968853563
28,3,1.0,1,0,0.0,1.0,28,6,0,395,0.0,0.0,29.171875000000028,-159.85562603301673,-73.828124999999986,142.14305090276423,256.79571424598754,1.283765560714528
28,4,3.0,1,0,1.0,0.0,28,3,0,569,0.0,0.0,-167.90625,-25.077730130900306,49.921875,164.65379110419082,97.345221612517292,0.84209001797717065
28,5,1.0,1,0,0.0,1.0,28,0,0,664,0.0,0.0,-176.90625,53.244478994103183,-168.046875,36.087891746028546,284.13931781314812,0.72528458456508815
28,6,1.0,1,0,0.0,1.0,28,2,0,608,0.0,0.0,71.328125,1.4798870805403419,-165.23437500000003,31.894731009781282,279.43944991517043,0.71704269177280366
28,7,3.0,1,0,1.0,0.0,28,5,0,133,0.0,0.0,-98.062500000000043,-30.128563944803538,-170.15625000000003,20.947470586951159,196.71885644621517,0.86706943379249424
29,0,1.0,1,0,0.0,1.0,29,5,0,495,0.0,0.0,-165.82812500000003,48.761839797563731,-163.82812500000003,12.151867229554378,293.73337620947535,1.10041344887577
29,1,1.0,1,0,0.0,1.0,29,0,0,349,0.0,0.0,-37.703125,173.37522462567131,-151.875,27.400748822872391,13.303181246578006,0.80872159858699888
29,2,1.0,1,0,0.0,1.0,29,1,0,747,0.0,0.0,-111.75,-86.891319976303791,-123.04687500000001,-21.250505507133241,197.41748810844345,0.90883113315794617
29,3,1.0,1,0,0.0,1.0,29,4,0,708,0.0,0.0,-115.75000000000003,3.2824249254546269,11.249999999999998,10.684912400002716,126.56190563261357,1.0420881363097578
29,4,1.0,1,0,0.0,1.0,29,6,0,710,0.0,0.0,18.703125000000021,64.659569994408429,-89.296874999999986,-125.63654875425517,250.11216222280092,1.3587702362565324
29,5,1.0,1,0,0.0,1.0,29,2,0,765,0.0,0.0,139.53125,172.49624193238475,-71.718750000000014,86.741125693666234,144.80234352494256,0.97538550931494683
29,6,3.0,1,0,1.0,0.0,29,7,0,261,0.0,0.0,-7.0156249999999991,-56.241937536974916,-71.015625,47.78200553725214,122.19773477741086,0.86706629779655486
29,7,3.0,1,0,1.0,0.0,29,3,0,722,0.0,0.0,-74.78125,143.1638236612948,82.96875,41.598825145414651,320.46767937264451,0.94207810086663812
30,0,1.0,1,0,0.0,1.0,30,5,0,759,0.0,0.0,-9.3125000000000053,53.728339711941096,64.6875,82.514961049626663,191.59863425984648,2.5838635202962905
30,1,1.0,1,0,0.0,1.0,30,6,0,141,0.0,0.0,-95.265625,-108.99184960409728,52.734374999999993,-37.767621291722349,121.84953125511112,0.8837353972485289
30,2,1.0,1,0,0.0,1.0,30,0,0,339,0.0,0.0,11.000000000000004,-71.070612274010472,70.3125,80.169113533782109,269.30359828379011,0.95875233202241361
30,3,1.0,1,0,0.0,1.0,30,7,0,101,0.0,0.0,-142.85937500000003,10.679623471261539,9.140625,-20.947470586951159,98.015695410295862,1.0920817501610145
30,4,3.0,1,0,1.0,0.0,30,4,0,164,0.0,0.0,-142.796875,165.13558468651473,0.0,95.024075258539554,8.4428632004589019,1.0587424106197432
30,5,3.0,1,0,1.0,0.0,30,3,0,317,0.0,0.0,-148.75,-150.64296251505604,47.109375,71.956587994668723,289.18553786569123,1.2587020408827811
30,6,1.0,1,0,0.0,1.0,30,1,0,92,0.0,0.0,48.921875000000036,-37.302528308805492,-47.8125,71.834043470774475,54.005935173480651,0.95038841722998768
30,7,1.0,1,0,0.0,1.0,30,2,0,527,0.0,0.0,117.74999999999997,-129.32385452133573,168.75,130.10959794194616,94.25867802625018,1.2170922987861559
31,0,1.0,1,0,0.0,1.0,31,3,0,570,0.0,0.0,72.140625,27.387555653648558,-35.859375000000021,29.744881296942228,240.06872533874395,1.7921645424794406
31,1,1.0,1,0,0.0,1.0,31,6,0,700,0.0,0.0,7.4062499999999769,-44.616788974006226,-133.59375,-160.44433307954327,42.06588611920337,0.85870523389894515
31,2,1.0,1,0,0.0,1.0,31,5,0,464,0.0,0.0,27.312499999999993,70.884132015572021,-64.6875,163.39998632060855,292.07103376899488,1.0420818640850484
31,3,1.0,1,0,0.0,1.0,31,4,0,442,0.0,0.0,-19.375000000000043,-27.268133300971048,-129.37500000000003,-93.952336582115763,300.97406900935869,2.3005794897908345
31,4,1.0,1,0,0.0,1.0,31,7,0,499,0.0,0.0,2.2968750000000444,-143.76933743135234,-0.70312499999998623,2.1055141888560418,179.37776365802566,0.83375062153209001
31,5,3.0,1,0,1.0,0.0,31,1,0,312,0.0,0.0,41.093750000000007,14.421793163808422,-25.312499999999989,75.865394775462363,267.3446362145404,0.90040050551760942
31,6,1.0,1,0,0.0,1.0,31,0,0,225,0.0,0.0,58.484374999999972,138.08937367671888,-57.656250000000007,115.48071794778953,340.64676047443976,0.8587154975393787
31,7,3.0,1,0,1.0,0.0,31,2,0,76,0.0,0.0,46.046875,171.5060079725491,142.734375,-2.113276582391312,235.27967849479907,0.85032392805442214
32,0,3.0,1,0,1.0,0.0,32,5,0,510,0.0,0.0,-98.984375000000043,-59.344833929225068,-63.984375000000021,72.020286156518708,356.49416841406321,1.3921295325271785
32,1,1.0,1,0,0.0,1.0,32,4,0,152,0.0,0.0,-178.45312500000003,-5.0370693275227376,-79.453125000000028,63.707351427434709,138.15261550312877,1.2004323223372921
32,2,1.0,1,0,0.0,1.0,32,7,0,383,0.0,0.0,36.859374999999993,102.92775328231023,-9.1406250000000089,-99.768350167635674,215.88320399631027,1.2504441823111847
32,3,1.0,1,0,0.0,1.0,32,0,0,174,0.0,0.0,-56.749999999999979,-167.16216991775008,-104.76562499999997,18.829179616445607,236.61905225614868,1.358930746326223
32,4,1.0,1,0,0.0,1.0,32,6,0,449,0.0,0.0,-143.546875,137.51356446889696,79.453125,56.637645465678482,158.4211297860856,0.6920242173364386
32,5,3.0,1,0,1.0,0.0,32,1,0,138,0.0,0.0,-115.78124999999999,103.49101144070461,83.671875000000014,118.00163481263645,48.063305666709745,0.88372484862338752
32,6,1.0,1,0,0.0,1.0,32,3,0,567,0.0,0.0,74.265625,-157.26994190149333,-153.984375,-166.37300514010846,328.06716995752907,0.84206663980148733
32,7,1.0,1,0,0.0,1.0,32,2,0,336,0.0,0.0,0.40625000000000649,80.894514688356566,-79.453125000000014,-49.690684455734846,171.64720195489744,0.983740015886724
33,0,1.0,1,0,0.0,1.0,33,6,0,400,0.0,0.0,-47.4375,-165.71817426720798,-8.4374999999999858,34.592288687509949,90.219177020834394,0.95043574355076998
33,1,1.0,1,0,0.0,1.0,33,3,0,731,0.0,0.0,112.015625,-69.499285936628056,-108.98437500000004,18.118400775649,233.8262121286306,0.92540786101017147
33,2,1.0,1,0,0.0,1.0,33,1,0,171,0.0,0.0,8.9062500000000373,-173.96421371595017,42.890625000000036,-147.23959983693189,298.05764869236657,1.0504300985485315
33,3,3.0,1,0,1.0,0.0,33,2,0,210,0.0,0.0,-132.875,-151.04754407444594,-175.78125,-24.044223269367823,69.938152475879434,1.1421201243065298
33,4,1.0,1,0,0.0,1.0,33,5,0,323,0.0,0.0,22.187499999999982,41.755190721662792,-2.8125000000000044,-56.08256946302965,76.470127561026274,0.95039297884795815
33,5,3.0,1,0,1.0,0.0,33,7,0,670,0.0,0.0,119.79687500000004,43.993841110690909,21.796875,-14.629448633810545,111.0169069998027,1.142122405115515
33,6,1.0,1,0,0.0,1.0,33,4,0,10,0.0,0.0,-6.5312500000000062,50.816739674617494,-71.718750000000014,-154.74327099590226,192.53978559578815,1.4338082682806998
33,7,1.0,1,0,0.0,1.0,33,0,0,720,0.0,0.0,-14.921875000000012,15.748916868389889,3.5156249999999627,10.080597987542321,266.24655423425537,0.70880849636159837
34,0,3.0,1,0,1.0,0.0,34,2,0,94,0.0,0.0,-76.484375,3.1148243265375122,3.5156250000000004,27.496607775155478,12.252236264319238,0.64206424506846815
34,1,1.0,1,0,0.0,1.0,34,6,0,324,0.0,0.0,6.6406249999999982,-129.32768891249503,-58.359374999999993,56.252978437597115,294.39362827605311,1.3671244577271864
34,2,3.0,1,0,1.0,0.0,34,5,0,71,0.0,0.0,59.312500000000014,112.64629767248751,-154.68749999999997,39.678978767298794,297.44393641589647,0.92538533825427294
34,3,1.0,1,0,0.0,1.0,34,4,0,356,0.0,0.0,66.906250000000014,44.948466813643144,-111.09375,23.983415116640071,39.029346453146061,0.84206606971565634
34,4,1.0,1,0,0.0,1.0,34,3,0,397,0.0,0.0,59.484374999999986,-27.318520722958226,107.57812499999997,60.485118366655172,40.371739278900186,0.96706606971565634
34,5,1.0,1,0,0.0,1.0,34,7,0,125,0.0,0.0,24.265624999999996,-23.501376940499686,-7.7343750000000133,113.65267343155369,191.34064771598048,1.225431410013698
34,6,1.0,1,0,0.0,1.0,34,1,0,723,0.0,0.0,-2.8125000000000044,19.735969923149352,55.546874999999993,-87.954591511112781,293.89253957475307,1.2671246858080849
34,7,1.0,1,0,0.0,1.0,34,0,0,594,0.0,0.0,-54.499999999999993,-150.05698480405374,63.984375,-19.653824058053306,262.62624041187968,0.80871447105892003
35,0,1.0,1,0,0.0,1.0,35,1,0,611,0.0,0.0,170.53125,109.99720292131808,-15.468750000000011,13.639052052372035,143.09254886214435,0.96709229878615588
35,1,1.0,1,0,0.0,1.0,35,6,0,357,0.0,0.0,35.578125000000028,133.21790391487912,17.578125,-20.286823119534105,171.32914498323495,1.8838876395020634
35,2,1.0,1,0,0.0,1.0,35,4,0,573,0.0,0.0,-161.03125,-16.860306520030981,-52.031249999999986,12.052976010392808,342.23628394998036,1.0337515907594934
35,3,3.0,1,0,1.0,0.0,35,0,0,470,0.0,0.0,-164.48437500000003,111.47025968955839,18.984375000000028,33.632541662264131,132.86915794866297,0.69206327572464943
35,4,1.0,1,0,0.0,1.0,35,2,0,368,0.0,0.0,54.296875000000007,-98.048729140261131,51.328125000000007,48.658433031692489,250.16933697467198,1.0837497662287205
35,5,3.0,1,0,1.0,0.0,35,7,0,370,0.0,0.0,-113.42187499999999,-42.936173588915686,-27.421874999999996,85.710846671180974,341.29696356164033,0.80874526163097471
35,6,1.0,1,0,0.0,1.0,35,3,0,115,0.0,0.0,91.421875000000014,-39.223657819136001,113.90625000000001,-56.654737415854662,284.26175925780956,0.96697768929880112
35,7,1.0,1,0,0.0,1.0,35,5,0,627,0.0,0.0,-161.64062500000003,92.361136657667842,-94.218750000000043,160.85454241949122,102.57967764698245,1.0754460070747882
36,0,3.0,1,0,1.0,0.0,36,2,0,114,0.0,0.0,-172.296875,84.82395729829183,0.703125,-114.42747627080097,123.98327872638222,3.192358922213316
36,1,1.0,1,0,0.0,1.0,36,4,0,47,0.0,0.0,-51.625000000000021,-114.09357169104092,174.375,-70.559965171823805,111.39542185574358,0.69207781576551497
36,2,3.0,1,0,1.0,0.0,36,6,0,715,0.0,0.0,173.89062500000003,-115.36414719710125,-2.1093749999999813,-24.22774531795417,87.712051685518347,0.96708346076775342
36,3,1.0,1,0,0.0,1.0,36,7,0,256,0.0,0.0,0.89062499999999867,42.032188836994969,-47.109375000000021,25.103275160786811,320.03735857351523,0.7086898956913501
36,4,1.0,1,0,0.0,1.0,36,5,0,353,0.0,0.0,-128.12500000000003,-162.54420492815538,-28.125000000000018,60.82392093202148,57.312270892043401,0.7837093963753432
36,5,1.0,1,0,0.0,1.0,36,0,0,151,0.0,0.0,15.328125000000016,6.898104649429917,5.625,80.537677791974389,176.48987508434004,0.62536663573700935
36,6,1.0,1,0,0.0,1.0,36,1,0,738,0.0,0.0,-8.96875,-102.43175699397268,-167.34375,139.0041729407094,89.52707360098313,0.80872188368812203
36,7,1.0,1,0,0.0,1.0,36,3,0,579,0.0,0.0,114.34374999999999,66.406618473565985,-55.546874999999993,12.80426606528675,20.222855741765635,1.2337673852453008
37,0,1.0,1,0,0.0,1.0,37,4,0,170,0.0,0.0,-93.546875000000043,-80.72210652212344,-55.546875000000007,32.811366798068114,136.52605041757727,0.66702997637912631
37,1,1.0,1,0,0.0,1.0,37,6,0,304,0.0,0.0,-154.75,11.674431121215711,11.249999999999998,9.0902769208223226,352.76853224266335,0.5920195986982435
37,2,1.0,1,0,0.0,1.0,37,3,0,27,0.0,0.0,-156.5625,-125.20742855894746,-36.562499999999993,20.531798170877284,257.84135795504227,0.79204708221368492
37,3,3.0,1,0,1.0,0.0,37,0,0,686,0.0,0.0,5.5624999999999973,-30.469487127223417,-87.890625,22.145180038223284,31.929204955478568,0.62538573727943003
37,4,3.0,1,0,1.0,0.0,37,1,0,713,0.0,0.0,153.01562499999997,70.142382117315933,59.765625,18.690162188530618,104.83012671604868,0.54194615758024156
37,5,1.0,1,0,0.0,1.0,37,7,0,107,0.0,0.0,19.421874999999972,75.44652770237002,-62.578125000000028,-56.479781125242077,74.696116892098019,0.93373442790471017
37,6,1.0,1,0,0.0,1.0,37,5,0,419,0.0,0.0,-32.609375000000007,-20.981994558128729,172.96875000000006,10.853567342724176,339.09556952922583,0.95874891092535108
37,7,1.0,1,0,0.0,1.0,37,2,0,453,0.0,0.0,128.48437499999997,-177.70371839112568,33.046874999999964,21.345786649089764,213.21667303640308,0.65036714903544635
38,0,1.0,1,0,0.0,1.0,38,5,0,201,0.0,0.0,23.562500000000021,5.8236774821655546,-8.4374999999999858,135.28647651027708,254.45089350206098,1.5505030836211517
38,1,1.0,1,0,0.0,1.0,38,3,0,563,0.0,0.0,-150.85937500000003,161.98298378953092,-125.859375,87.734082864687622,190.36648293566645,1.275469213956967
38,2,3.0,1,0,1.0,0.0,38,2,0,537,0.0,0.0,77.406250000000014,-152.1532857458518,0.0,51.911227119024687,224.63109817684483,0.63377160474192351
38,3,1.0,1,0,0.0,1.0,38,4,0,56,0.0,0.0,-175.65625000000003,153.81762591806623,32.34375,42.901094066796453,211.49976357870247,0.64203031838405877
38,4,1.0,1,0,0.0,1.0,38,1,0,294,0.0,0.0,45.843750000000014,56.331683741053908,0.70312500000002309,41.035345277143868,112.12647697010664,0.5587147562764585
38,5,1.0,1,0,0.0,1.0,38,0,0,704,0.0,0.0,-170.90625,26.66505309528139,74.531250000000014,28.867159469514618,327.67945251392376,0.91708015347830951
38,6,1.0,1,0,0.0,1.0,38,6,0,737,0.0,0.0,-63.375,-52.916431049413468,0.0,7.3860431512672688,128.28378473184094,0.84207234194036573
38,7,3.0,1,0,1.0,0.0,38,7,0,265,0.0,0.0,-141.4375,-153.14109670670413,0.0,-4.9051561408762581,113.54269313939439,0.58370700152590871
39,0,1.0,1,0,0.0,1.0,39,4,0,177,0.0,0.0,-34.625,-124.75561843653584,39.375,-149.45242825109298,78.838392807286638,0.78375130565837026
39,1,3.0,1,0,1.0,0.0,39,2,0,622,0.0,0.0,-54.859375000000007,-92.379527411666459,99.140625,-1.8676788394341726,279.74496989779948,0.79204109509009868
39,2,1.0,1,0,0.0,1.0,39,5,0,373,0.0,0.0,38.234375000000036,123.40210814942459,-59.765624999999986,20.992853373114194,273.02940582378187,0.62526485591661185
39,3,1.0,1,0,0.0,1.0,39,7,0,625,0.0,0.0,152.96875000000003,-159.0363394978842,-52.031249999999986,59.381394591090597,110.79647862941705,0.5588133999845013
39,4,1.0,1,0,0.0,1.0,39,0,0,412,0.0,0.0,124.1875,83.73211988748335,137.81250000000003,2.4985943894186748,142.21561155920477,0.94207496475428343
39,5,1.0,1,0,0.0,1.0,39,6,0,276,0.0,0.0,-45.890625,-37.64200795015271,137.109375,-33.984191120564219,178.01658982116129,0.99207627621944994
39,6,3.0,1,0,1.0,0.0,39,1,0,221,0.0,0.0,-59.859375000000014,-152.58826786550347,44.999999999999986,4.1900077255238415,291.29716143233247,1.5421425899257883
39,7,1.0,1,0,0.0,1.0,39,3,0,601,0.0,0.0,17.031250000000014,49.702421131386394,-75.9375,100.74585722957785,254.77462728471954,0.64202205056790262
40,0,1.0,1,0,0.0,1.0,40,6,0,237,0.0,0.0,45.109375,-130.25654757860195,2.109375,-155.23969136961833,117.98793781345847,0.66703710379078984
40,1,1.0,1,0,0.0,1.0,40,4,0,320,0.0,0.0,118.18750000000001,-39.89214424551087,-2.8125000000000044,159.62885379007298,65.412238987783397,0.67536110489163548
40,2,1.0,1,0,0.0,1.0,40,7,0,70,0.0,0.0,-130.046875,5.8642270931206237,-168.04687500000003,94.056737861294891,298.75641498192533,0.49193344218656421
40,3,1.0,1,0,0.0,1.0,40,5,0,456,0.0,0.0,158.875,-134.12338838365073,-73.125000000000014,7.3112136769890759,359.12134094062503,1.2504524502437562
40,4,3.0,1,0,1.0,0.0,40,3,0,375,0.0,0.0,-92.515625000000057,153.26731018596212,69.609374999999986,-92.787480842032025,149.87611003456644,0.70873665169347078
40,5,1.0,1,0,0.0,1.0,40,1,0,481,0.0,0.0,-62.203125000000014,-166.19594138631481,-65.390625,-126.82876644005026,346.67712436650055,0.91708442999515682
40,6,1.0,1,0,0.0,1.0,40,0,0,116,0.0,0.0,-135.109375,55.368361344001862,-4.21875,-36.105432981920629,143.90152568110653,0.82539582985918969
40,7,3.0,1,0,1.0,0.0,40,2,0,84,0.0,0.0,-144.890625,46.237633525673544,170.15624999999997,-3.317781168334843,239.81527267160652,0.78371509828139096
41,0,1.0,1,0,0.0,1.0,41,7,0,49,0.0,0.0,35.921875000000014,171.72620924575452,-175.07812500000003,-74.22353465481676,275.33794318751728,1.3754932192387059
41,1,1.0,1,0,0.0,1.0,41,5,0,273,0.0,0.0,169.21875000000003,-73.80495611388919,49.21875,-9.28559303527555,31.493792660411152,0.6420240462757647
41,2,1.0,1,0,0.0,1.0,41,6,0,628,0.0,0.0,156.29687500000003,-164.02961517886339,-0.70312499999998623,6.6372952392002169,284.68668172314392,0.87539286480750889
41,3,1.0,1,0,0.0,1.0,41,3,0,711,0.0,0.0,-108.32812500000004,-143.30767185689746,0.0,40.555893878347312,185.64171336961164,0.5336806015111506
41,4,1.0,1,0,0.0,1.0,41,0,0,15,0.0,0.0,-78.046875000000014,141.64930494634163,52.031249999999986,72.286952922311443,332.95488702911979,0.83375632355455309
41,5,1.0,1,0,0.0,1.0,41,4,0,53,0.0,0.0,-112.26562500000004,166.17318976203367,85.781250000000014,145.51262716992136,311.59040833532111,0.72538037749473006
41,6,3.0,1,0,1.0,0.0,41,2,0,194,0.0,0.0,161.67187499999997,150.50039371711819,-5.625000000000032,-165.91327568212853,112.55480792748651,1.2420734252082184
41,7,3.0,1,0,1.0,0.0,41,1,0,350,0.0,0.0,100.32812500000001,68.033641763987376,-177.890625,-53.678168885240758,115.39782057416146,1.0670903599821031
42,0,1.0,1,0,0.0,1.0,42,5,0,316,0.0,0.0,125.65625,139.73583536086252,-167.34375000000003,52.055186061096691,210.58259167415974,0.87540341343265027
42,1,1.0,1,0,0.0,1.0,42,6,0,565,0.0,0.0,-22.875000000000004,-26.161496373252685,118.125,57.949854473278833,326.57898512677338,0.87538915849290788
42,2,1.0,1,0,0.0,1.0,42,0,0,137,0.0,0.0,102.51562500000001,-112.1587736479438,125.859375,91.636577041616732,102.11740323668064,0.76707735960371792
42,3,3.0,1,0,1.0,0.0,42,7,0,327,0.0,0.0,23.234375000000004,-67.303636625060733,165.234375,41.009086901570221,58.906316437228476,0.99207000399474055
42,4,3.0,1,0,1.0,0.0,42,3,0,228,0.0,0.0,138.67187499999997,39.070270858298507,8.4374999999999964,11.390630701663328,91.337614573337945,0.50034781941212714
42,5,1.0,1,0,0.0,1.0,42,4,0,13,0.0,0.0,-92.03125,-11.643993393599727,179.29687500000003,26.087597399768413,289.97868538273326,0.86708939075469971
42,6,1.0,1,0,0.0,1.0,42,1,0,65,0.0,0.0,-139.859375,125.6977801907574,-63.984375000000014,29.770267108091488,249.37001625763122,0.65869913285132498
42,7,1.0,1,0,0.0,1.0,42,2,0,532,0.0,0.0,-57.343749999999986,-135.0912165272677,-170.859375,15.625959993885838,232.08525667197421,0.7670554070500657
43,0,1.0,1,0,0.0,1.0,43,2,0,44,0.0,0.0,113.45312499999999,-127.34433724888412,-10.546875000000004,-2.3680251007109185,153.64791381806651,1.1254564416594803
43,1,1.0,1,0,0.0,1.0,43,4,0,491,0.0,0.0,-174.90625,128.96204784316413,21.09375,60.758630167772345,184.25921558454627,0.79203795909415931
43,2,1.0,1,0,0.0,1.0,43,1,0,671,0.0,0.0,-0.70312499999998623,108.5073678056759,-21.796874999999968,4.8333657567198944,42.680939549157543,1.1087813549675047
43,3,3.0,1,0,1.0,0.0,43,5,0,683,0.0,0.0,83.5625,23.073739328599775,126.5625,93.133502432759585,186.67964118764294,0.98386004206258804
43,4,3.0,1,0,1.0,0.0,43,6,0,519,0.0,0.0,49.812499999999979,-12.487936993123675,2.8125,-173.88449643371459,121.32274425221938,0.85872490576002747
43,5,1.0,1,0,0.0,1.0,43,0,0,553,0.0,0.0,-127.90624999999999,111.44456259885416,-58.359374999999979,-84.805571092265197,110.03993305550792,0.8504151594825089
43,6,1.0,1,0,0.0,1.0,43,7,0,322,0.0,0.0,-161.04687500000006,-29.800467213546462,-123.04687500000001,-0.85829953003151549,106.99246408870127,0.93378289462998509
43,7,1.0,1,0,0.0,1.0,43,3,0,243,0.0,0.0,-9.09375,-25.711375408907866,-57.656250000000007,-38.110767420974817,70.984289464028549,1.0587620824808255
44,0,1.0,1,0,0.0,1.0,44,7,0,410,0.0,0.0,25.781250000000007,-123.23915730195829,130.78125,-121.6344713096905,9.1700238030727945,1.2504715517861769
44,1,3.0,1,0,1.0,0.0,44,0,0,130,0.0,0.0,52.296875000000036,78.71535662127404,-131.484375,-134.12754287709797,16.987587317660278,0.95039611496031284
44,2,1.0,1,0,0.0,1.0,44,2,0,46,0.0,0.0,15.640625000000011,-70.761815924638384,0.0,-125.51450926128688,148.05951673726665,0.91708015359472483
44,3,1.0,1,0,0.0,1.0,44,4,0,169,0.0,0.0,-121.359375,4.5143932718837672,-103.359375,-133.8308606720926,77.663646208102463,0.76704001182224602
44,4,1.0,1,0,0.0,1.0,44,6,0,128,0.0,0.0,-151.89062500000003,112.13789432924413,2.109375,-144.26660724075921,67.788764416055983,0.82531999377533793
44,5,1.0,1,0,0.0,1.0,44,3,0,134,0.0,0.0,-64.765624999999986,-5.9153202477243898,43.593750000000007,-132.94411121499533,237.62463152808891,0.74204748123884201
44,6,3.0,1,0,1.0,0.0,44,5,0,690,0.0,0.0,12.687500000000012,170.32581261516702,-100.54687500000001,-116.75571862471023,185.80428157177226,0.66703453788068146
44,7,1.0,1,0,0.0,1.0,44,1,0,745,0.0,0.0,41.0625,-166.76156661711576,59.765624999999986,-177.74219601132759,179.57672974182537,0.72538493911270052
45,0,3.0,1,0,1.0,0.0,45,6,0,331,0.0,0.0,-90.000000000000028,-67.855237349858186,-45.000000000000014,-1.8279682443050054,92.495624126115231,0.91708471509627998
45,1,1.0,1,0,0.0,1.0,45,1,0,554,0.0,0.0,40.062500000000028,178.08145639657999,0.0,115.66283001554785,171.11386218205976,0.80039075505919755
45,2,1.0,1,0,0.0,1.0,45,7,0,750,0.0,0.0,-28.375000000000004,109.48257382797655,5.625,90.625020074017499,83.951382894739169,0.93373015150427818
45,3,1.0,1,0,0.0,1.0,45,4,0,229,0.0,0.0,11.687499999999998,-64.910128678838177,-160.31250000000003,80.003778002521074,92.902982344076548,0.45870500581804663
45,4,1.0,1,0,0.0,1.0,45,2,0,440,0.0,0.0,-135.53125000000003,-4.6382123411787193,-80.15625,102.68541429165879,66.50959250420145,0.80041099700611085
45,5,1.0,1,0,0.0,1.0,45,0,0,306,0.0,0.0,5.6250000000000062,37.435366449247979,-174.375,66.24309241628147,145.91381759130829,0.9920808378374204
45,6,3.0,1,0,1.0,0.0,45,5,0,665,0.0,0.0,39.906250000000007,153.3026952780138,-116.71875000000001,55.109298492495178,337.18601617529629,0.79207901319023222
45,7,1.0,1,0,0.0,1.0,45,3,0,369,0.0,0.0,109.42187500000003,-135.91870770386265,-82.265625,53.545281895300846,320.29515941313991,1.1170948075596243
46,0,1.0,1,0,0.0,1.0,46,5,0,692,0.0,0.0,-136.14062500000003,57.304155039523891,-9.1406250000000089,44.406282603787417,182.92894390706394,1.8088678537169471
46,1,1.0,1,0,0.0,1.0,46,3,0,295,0.0,0.0,91.734374999999986,57.711766711564785,-82.265625000000014,2.0978085861921492,78.346391484708079,1.1670276954537258
46,2,1.0,1,0,0.0,1.0,46,6,0,516,0.0,0.0,-147.40625000000003,-11.559423144863727,88.59375,31.320957512172335,187.98179943076576,0.7753908121958375
46,3,1.0,1,0,0.0,1.0,46,1,0,673,0.0,0.0,-125.26562500000003,-120.78650388966909,-45.0,33.518008645251911,240.8108707874799,0.76718313083983958
46,4,3.0,1,0,1.0,0.0,46,4,0,34,0.0,0.0,-29.140625000000021,173.54097981096288,0.0,31.035108649002684,55.138308480292899,0.71704440226312727
46,5,3.0,1,0,1.0,0.0,46,7,0,430,0.0,0.0,-66.4375,140.71486144270824,-143.43750000000003,41.126510275655427,23.846829955338521,0.63370802788995206
46,6,1.0,1,0,0.0,1.0,46,2,0,113,0.0,0.0,-25.375000000000021,5.4466310148426285,142.03124999999997,53.59763913886276,145.61759362564877,0.61703094572294503
46,7,1.0,1,0,0.0,1.0,46,0,0,724,0.0,0.0,173.17187500000003,-49.970955890992407,-64.687499999999986,51.72688404900132,285.16947715772437,0.80873072170652449
47,0,1.0,1,0,0.0,1.0,47,4,0,23,0.0,0.0,133.31250000000003,-84.53962274962862,-64.6875,88.593018121017991,23.561558126160286,1.0754112250870094
47,1,1.0,1,0,0.0,1.0,47,5,0,762,0.0,0.0,-18.546875000000018,3.3984087263997544,-10.546875000000004,47.242813783016011,120.87014853689182,1.5671599239576608
47,2,1.0,1,0,0.0,1.0,47,6,0,264,0.0,0.0,-87.921875,122.65384858002325,85.078125,37.121377140734758,128.30416538262813,0.74207085929811001
47,3,3.0,1,0,1.0,0.0,47,0,0,198,0.0,0.0,100.46874999999999,-88.908612902741211,-99.843750000000028,21.566752315716609,165.92950363504468,0.78371794940903783
47,4,1.0,1,0,0.0,1.0,47,3,0,414,0.0,0.0,139.671875,-87.251159575118649,158.203125,148.33924890336343,192.40741296242049,0.72536868846509606
47,5,1.0,1,0,0.0,1.0,47,2,0,431,0.0,0.0,15.406250000000002,-66.21781358248063,-83.671875000000014,16.901202437106296,107.0711772115131,0.90040478180162609
47,6,1.0,1,0,0.0,1.0,47,1,0,457,0.0,0.0,-10.296875,-50.834002928080629,11.250000000000028,148.64840103819509,197.93081899329079,1.0337564375950024
47,7,3.0,1,0,1.0,0.0,47,7,0,416,0.0,0.0,-102.62500000000001,67.029428795391837,0.0,30.891686407174141,107.48817077234943,0.78374303784221411
