block,trial,cueposbin,cueposdeg,cuevalid,wmresptestimgdiff,wmrespcuediff,wmrespdeg,wmrts,imageposbin0,imageposbin1,imageposbin2,imageposbin3,imageposdeg0,imageposdeg1,imageposdeg2,imageposdeg3,imagenum0,imagenum1,imagenum2,imagenum3,mouseposdeg,ncues
0,0,6.0,[ 283.8746406    90.33331825  201.25889071  138.22540006],0,-36.583085698529828,156.95823664965386,126.9164039501705,3.3924319781217491,6.0,2.0,4.0,3.0,283.87464059982432,90.333318251640677,201.25889070844067,138.2254000649356,2317,762,907,754,97.218077311692497,4.0
0,1,6.0,[ 290.84801766   84.59252415   15.32778765  152.39128692],1,-73.604553975709479,-73.604553975709479,4.4525716313656964,2.250652022426948,6.0,1.0,0.0,3.0,290.84801765565624,84.592524152143682,15.327787652208501,152.39128692453528,2194,360,567,423,198.99240017426453,4.0
0,2,6.0,[ 305.32066679   80.04608581   14.57423369  186.42834037],1,3.7131645418539025,3.7131645418539025,-58.392497753751094,2.3339526643685531,6.0,1.0,0.0,4.0,305.32066678810281,80.046085813491032,14.574233688292097,186.4283403662763,2154,1413,822,1433,206.85790418732262,4.0
0,3,1.0,[  80.66721688  202.18513136  336.80598464  247.91541928],1,-2.8129813676258726,-2.8129813676258726,83.480198248343015,1.8005660934577463,1.0,4.0,7.0,5.0,80.667216880717149,202.18513135920273,336.80598464323231,247.91541928438681,1036,827,1071,861,104.06258230529838,4.0
0,4,3.0,[ 146.23853996  342.29816674  212.34061801  274.84035207],1,-115.66396768918152,-115.66396768918152,-98.097492352262762,1.9755875044356799,3.0,7.0,4.0,6.0,146.23853995855575,342.29816674486494,212.34061801016529,274.8403520680921,2251,1174,814,134,115.96400392053073,4.0
0,5,5.0,[ 244.96106693    2.63604616  121.06385402  317.87068136],1,130.04140256045918,130.04140256045918,114.91966436983243,1.9255645254161209,5.0,0.0,2.0,7.0,244.96106693029159,2.6360461636376105,121.06385401645689,317.87068136309267,2211,1935,924,529,171.85851724692915,4.0
0,6,7.0,[ 343.38531137  208.96044231  286.19289994  135.9230881 ],1,64.412684757196615,64.412684757196615,-81.027373385103616,2.450637881498551,7.0,4.0,6.0,3.0,343.38531137209299,208.96044231183771,286.19289994227182,135.9230881024807,1812,977,830,1066,338.68775737340127,4.0
0,7,1.0,[  77.56397629  251.8946666    24.81781825  204.4572734 ],1,19.944653995595377,19.944653995595377,57.619322293430777,1.8671978259371826,1.0,5.0,0.0,4.0,77.563976289026158,251.89466660319744,24.817818250201135,204.4572734029004,48,1795,71,2206,357.01907392751559,4.0
0,8,5.0,[ 252.63880654  189.93523564   58.12651312  318.40494148],1,-8.6150311983746644,-8.6150311983746644,-98.746162262555217,2.3505947744706646,5.0,4.0,1.0,7.0,252.63880653907015,189.93523563739336,58.12651311876494,318.4049414794606,964,758,536,2019,58.216359651188519,4.0
0,9,3.0,[ 151.47318428  268.45462281  108.62197638  193.59716023],0,143.07435061236725,26.092912078122151,125.38027220030115,2.6839772399398498,3.0,5.0,2.0,4.0,151.4731842784233,268.45462281266839,108.62197637806403,193.59716022991068,1029,475,112,1371,220.71341347340632,4.0
0,10,0.0,[  27.25512479  330.7607546   207.84732473  157.75171452],1,176.94991143857106,176.94991143857106,-149.69478664549007,2.1422198641375871,0.0,7.0,4.0,3.0,27.255124793080984,330.76075459628419,207.84732472554933,157.75171452388466,1487,2082,2342,1920,338.37629892738136,4.0
0,11,7.0,[ 332.58999474  233.40366275  277.487173    175.598426  ],1,57.6202540092115,57.6202540092115,-85.03025927188969,1.9338828720210586,7.0,5.0,6.0,3.0,332.58999473732183,233.40366274751702,277.48717299690981,175.59842600010998,1126,1096,1135,1207,280.12389852474195,4.0
0,12,0.0,[  17.01195303  243.79757274  112.42775065  196.09863114],0,86.906685277532745,-139.87893444080976,156.89088746594723,4.6426075993804261,0.0,5.0,2.0,4.0,17.011953025137469,243.79757274347998,112.42775065301633,196.09863113752382,2139,447,1662,293,124.48324187520994,4.0
0,13,4.0,[ 216.27513334  352.5618435   303.8049619    83.69127314],0,4.1763064847384967,-132.11040367359024,-11.614462982642793,2.3422750023601111,4.0,7.0,6.0,1.0,216.27513334376695,352.56184350209571,303.80496189510944,83.691273143133259,1148,638,2333,260,254.82339011402499,4.0
0,14,0.0,[  20.6073348   278.07090271  326.49000771  181.95001392],1,107.53694046145608,107.53694046145608,-86.929605658689624,2.3672762282949407,0.0,6.0,7.0,4.0,20.607334802766463,278.07090271164839,326.490007711543,181.95001392033728,588,973,126,1243,26.286350860909707,4.0
0,15,2.0,[ 127.51802158  170.88137983  215.96273961  317.16914183],1,-22.290355455736837,-22.290355455736837,149.8083770390424,1.8755341338110156,2.0,3.0,4.0,7.0,127.51802158330554,170.88137983372269,215.9627396070035,317.16914182589539,654,1525,942,714,209.45710287553453,4.0
0,16,5.0,[ 251.81182521   91.66017283  198.61865593  338.48489899],0,-170.90841920366614,-10.756766819244165,-97.431407971172504,3.2841084427200258,5.0,2.0,4.0,7.0,251.8118252095833,91.660172825161382,198.61865592565155,338.48489899483127,2107,1723,1991,653,203.59287875976204,4.0
0,17,7.0,[ 324.43762568   60.16446303  127.74536131    6.03001881],0,46.128219560897413,-49.598617784442879,14.036243467926477,2.5923137758945813,7.0,1.0,2.0,0.0,324.43762568348359,60.164463028823896,127.7453613053132,6.0300188058741684,779,1424,1273,1898,103.58369342549092,4.0
0,18,4.0,[ 223.34703578  315.15141672   62.65967356  118.73404053],1,-82.190642016774021,-82.190642016774021,-54.462322208025618,2.2256003339134622,4.0,7.0,1.0,2.0,223.34703577520037,315.15141671804952,62.659673559940579,118.73404053248501,248,61,25,2168,35.094720277330673,4.0
0,19,3.0,[ 170.19151446  214.603324    270.69903504  130.10379229],1,2.2701681660460116,2.2701681660460116,167.92134628948716,1.5338213475624798,3.0,4.0,6.0,2.0,170.19151445553317,214.60332399901813,270.6990350355552,130.10379229039788,2041,926,220,2353,311.22115017667659,4.0
0,20,4.0,[ 181.05373716  299.2710401    15.94143546  247.78086988],1,-7.7929145327989469,-7.7929145327989469,-171.15334831195889,2.7256627706956351,4.0,6.0,0.0,5.0,181.05373715524217,299.27104009550072,15.94143546233815,247.78086987880442,771,965,531,1183,92.799122974059571,4.0
0,21,2.0,[ 116.57627267  273.18022689   60.95850758  338.4688743 ],1,20.056470919403754,20.056470919403754,96.519801751656985,1.5505113543622429,2.0,6.0,1.0,7.0,116.57627267106074,273.18022689063355,60.958507581822907,338.46887429909685,1727,665,765,1869,232.49628974863688,4.0
0,22,1.0,[  47.97874182  124.51363868  268.17417255  215.75826992],1,-12.077729608113259,-12.077729608113259,60.05647142738799,1.9422274477692554,1.0,2.0,5.0,4.0,47.978741819274738,124.51363867819745,268.17417255217424,215.75826992180725,557,2075,768,566,142.62344367488078,4.0
0,23,2.0,[ 116.7084388   209.41808829  268.74249317  313.29627439],1,-19.384263735087714,-19.384263735087714,136.09270253565975,2.3256078035046812,2.0,4.0,5.0,6.0,116.70843880057205,209.41808828870697,268.74249316859891,313.29627438771848,511,777,1238,581,208.70486306983912,4.0
1,0,6.0,[ 291.16494424    0.95350362  185.76687593  139.35848805],1,-3.1331272668975907,-3.1331272668975907,-65.701928493166619,2.4089628994406667,6.0,0.0,4.0,3.0,291.16494423993583,0.95350361830814967,185.7668759274093,139.35848804819412,2256,1277,2140,78,165.95343357013343,1.0
1,1,7.0,[ 338.09167255   48.39752261   99.38827778  215.87529085],1,15.006262681562635,15.006262681562635,-36.914590132499697,1.74219939399336,7.0,1.0,2.0,4.0,338.09167254906293,48.397522614838927,99.388277784618552,215.8752908469084,1784,946,1132,804,1.2729749025912751,1.0
1,2,0.0,[  35.25890976   85.61355161  253.90029594  334.71432605],1,-2.5540431168285171,-2.5540431168285171,37.812952878315038,1.5922105698846281,0.0,1.0,5.0,7.0,35.258909761486521,85.613551611854405,253.90029594234375,334.71432605264943,1234,1125,2360,2077,142.79736638117899,1.0
1,3,2.0,[  93.18611912  272.24239478  175.86298078  353.04835658],1,0.94037655721716629,0.94037655721716629,92.245742565895085,1.4588404777314281,2.0,6.0,3.0,7.0,93.186119123112249,272.24239477578118,175.8629807756401,353.04835657864891,686,842,657,1331,88.923666495640731,1.0
1,4,0.0,[   2.19092423  194.07885456  239.76540086  320.29453323],0,-2.0765249315312699,166.03554473676076,-163.84462050696885,2.5006543032359332,0.0,4.0,5.0,7.0,2.1909242297919072,194.0788545614999,239.76540085798825,320.29453323345848,834,723,522,1191,52.583634215440284,1.0
1,5,4.0,[ 216.26245672  313.25458205  258.06712155  140.14394787],1,-81.836935959240151,-81.836935959240151,-61.900607323221251,4.2508527324534953,4.0,6.0,5.0,3.0,216.26245671753861,313.25458205404698,258.06712154815375,140.14394786979764,2264,1109,1104,1818,134.91705325823392,1.0
1,6,1.0,[  48.37203378  306.19179054  184.37508147  225.15712007],1,-4.8507801090851457,-4.8507801090851457,53.222813890574912,2.3589747025544057,1.0,6.0,4.0,5.0,48.372033781489762,306.1917905357181,184.37508147089,225.15712007147553,352,713,17,1329,266.91184693970155,1.0
1,7,0.0,[  12.98066362  300.60097694  102.37265055  238.65192221],0,16.456933452191358,88.83662013180539,-75.855956509673277,4.0758273300889414,0.0,6.0,2.0,5.0,12.980663622132109,300.60097694251806,102.37265054542127,238.65192220971434,1925,742,643,1754,253.00910690177736,1.0
1,8,6.0,[ 282.29391126  119.84915933   55.53874159  178.63136177],1,5.5049366896735394,5.5049366896735394,-83.211025425561218,1.6338807052670745,6.0,2.0,1.0,3.0,282.2939112641123,119.84915933415425,55.53874159419874,178.63136177011259,1834,304,328,458,111.02605795847492,1.0
1,9,6.0,[ 303.04558432  350.48619744   88.00236456  241.72946795],1,12.489539103472763,12.489539103472763,-69.443954780416533,1.6004972704540705,6.0,7.0,1.0,5.0,303.04558432305623,350.48619744093588,88.002364564373607,241.72946794569145,1740,1722,241,155,201.53616688553376,1.0
1,10,7.0,[ 337.4935865   241.09820848  187.97940968   21.31362764],0,3.2725341008546569,99.667912125009877,-122.17432562352379,1.875564354355447,7.0,5.0,4.0,0.0,337.49358650148605,241.09820847733087,187.97940968116632,21.313627641106994,934,1060,1261,1962,256.29676999486117,1.0
1,11,1.0,[  82.83657054  300.02905064  344.08691929  259.19106536],0,-6.1150485641858232,136.69247133917173,-53.855900799493135,1.5588354029605398,1.0,6.0,7.0,5.0,82.836570539678604,300.02905063632102,344.08691928791666,259.19106535700217,1085,481,2029,144,297.72212241826281,1.0
1,12,2.0,[  95.44951991  277.1358508   217.62064494  152.14536219],1,-2.1299898657461722,-2.1299898657461722,97.579509776890276,1.8672049534361577,2.0,6.0,4.0,3.0,95.449519911144108,277.13585079933335,217.62064494359674,152.14536218510816,1156,227,166,1081,172.26203826092615,1.0
1,13,3.0,[ 155.5086579    98.25757016   38.85244749  224.74474607],1,5.6865647092484561,5.6865647092484561,149.82209318684744,1.8255467922281241,3.0,2.0,0.0,4.0,155.50865789609588,98.257570157076657,38.852447488819905,224.74474607424284,556,52,1521,1458,220.66728872591014,1.0
1,14,7.0,[ 329.83903909   86.95891182  284.16676615  243.36244724],0,21.975805295507875,-95.144067430281538,64.98310652189997,2.8673782939004013,7.0,1.0,6.0,5.0,329.83903909161842,86.958911817407852,284.16676614577091,243.36244724036376,644,847,1747,1120,94.456647914988963,1.0
1,15,2.0,[ 104.4336709   148.17981311   49.20984989  220.34237442],1,-5.0456165657776486,-5.0456165657776486,109.47928746842459,1.1754835571773583,2.0,3.0,1.0,4.0,104.43367090264694,148.17981311016942,49.209849889016944,220.34237442401749,602,1801,1169,1931,166.11252130749048,1.0
1,16,4.0,[ 212.32062472  154.80700051  254.78671618  101.134905  ],1,-1.0457412776724271,-1.0457412776724271,-146.63363399894044,3.2590889704151778,4.0,3.0,5.0,2.0,212.32062472338714,154.80700051487946,254.78671617957883,101.13490500494599,226,998,1646,1428,53.600257117503354,1.0
1,17,1.0,[  70.32579877  302.66143381  247.74888353  130.27927473],1,-2.6582839802046565,-2.6582839802046565,72.984082751657937,2.8840118510124739,1.0,6.0,5.0,2.0,70.325798771453279,302.66143381024364,247.74888352982728,130.27927473479861,1758,232,676,327,51.936182797404648,1.0
1,18,5.0,[ 261.8279083   171.89842512  354.56834474  129.30046392],1,-0.19810825209229199,-0.19810825209229199,-97.973983450297695,1.5505133500701049,5.0,3.0,7.0,2.0,261.82790829761001,171.89842511592985,354.56834473589987,129.30046392448031,439,773,1303,502,37.637366954041681,1.0
1,19,3.0,[ 151.52528572  102.22838318  333.69939585  248.23867214],1,4.3850377598428603,4.3850377598428603,147.14024796027823,1.3004802785289939,3.0,2.0,7.0,5.0,151.52528572012108,102.22838317801582,333.69939585122961,248.23867213659216,2149,2118,2345,985,263.03904555480239,1.0
1,20,3.0,[ 178.12510844  111.5052895    55.97542296  219.42584878],1,-4.2882279968936592,-4.2882279968936592,-177.58666356715011,1.4254963866551407,3.0,2.0,1.0,4.0,178.12510843595621,111.50528949749186,55.975422961440835,219.42584877815474,2361,699,1904,337,26.271364580012104,1.0
1,21,4.0,[ 196.35130102  331.42700428   94.16701343  276.36555018],0,-2.5195004074153835,-137.59520367008409,-26.053495310490952,3.4174135321954964,4.0,7.0,2.0,6.0,196.35130101942497,331.42700428209366,94.167013432657328,276.36555017681269,2268,600,1717,266,89.167243985297304,1.0
1,22,5.0,[ 242.58941009   94.88361679  139.32480788  202.11541046],1,-10.19147385336057,-10.19147385336057,-107.21911605696337,2.24224985660112,5.0,2.0,3.0,4.0,242.58941008967605,94.883616793285498,139.32480788425659,202.11541045558039,138,149,1528,1629,251.84802517013145,1.0
1,23,5.0,[ 263.50245113  211.50342556  304.68062672  169.17234952],1,16.240381984203612,16.240381984203612,-112.73793085587438,2.2172614601440728,5.0,4.0,6.0,3.0,263.50245112832926,211.5034255575365,304.68062672441079,169.17234951541917,413,1505,2011,1914,127.89224757681417,1.0
2,0,4.0,[ 196.71723839   48.28165669  241.11755955  127.2209052 ],1,7.2187674345163675,7.2187674345163675,-170.50152903998017,2.6006503688549856,4.0,1.0,5.0,2.0,196.71723839453617,48.281656688159416,241.1175595548988,127.22090519816334,1802,1578,425,1899,287.35595825143446,4.0
2,1,2.0,[ 109.26964163  315.61487593  169.7442556    58.20802951],1,-27.304022419314006,-27.304022419314006,136.57366405410255,2.2005637556576403,2.0,7.0,3.0,1.0,109.26964163478854,315.61487593332828,169.74425560160518,58.208029510237452,1403,755,592,6,320.30788543850753,4.0
2,2,2.0,[  96.26094411   15.19102797  185.27423391  139.39049832],0,3.9268223688507482,84.996738508289837,11.264205604627996,2.2505867346626474,2.0,0.0,4.0,3.0,96.260944112917826,15.191027973478743,185.27423390901379,139.39049831939857,941,202,1879,1890,298.28728710632583,4.0
2,3,3.0,[ 174.01518292  308.54136364  114.54279941   60.4506014 ],1,108.04667520862809,108.04667520862809,65.96850771131659,2.4422690723004052,3.0,6.0,2.0,1.0,174.01518291994466,308.5413636360102,114.54279941434218,60.450601403496236,355,1406,1471,845,262.53597335064723,4.0
2,4,6.0,[ 295.10874324   55.29395041   96.20306221  158.01086569],1,-0.83355224938593109,-0.83355224938593109,-64.057704510128332,1.8172059227654245,6.0,1.0,2.0,3.0,295.10874324048575,55.293950414604886,96.203062209542836,158.01086568576002,113,925,1685,268,173.35126617974419,4.0
2,5,1.0,[  78.54028217  335.1932308   139.28688327  286.68236779],0,11.121733227011928,114.46878459125729,-35.928502422822831,2.025546336080879,1.0,7.0,3.0,6.0,78.54028216843443,335.19323080418911,139.28688326688885,286.6823677873324,1193,1924,904,2337,134.13580883569622,4.0
2,6,6.0,[ 277.51720903   95.13883444  358.69765773  152.2428565 ],0,-38.74411921257051,143.63425537796229,133.88295364968144,1.9672298141085776,6.0,2.0,7.0,3.0,277.51720902764373,95.13883443711093,358.69765772913036,152.24285650073006,707,1531,173,1835,132.86476393482693,4.0
2,7,5.0,[ 261.83909332  310.30238428  140.88616335  211.8106065 ],1,5.4174382095246649,5.4174382095246649,-103.57834488897885,4.0008438943768851,5.0,6.0,3.0,4.0,261.83909332054583,310.30238428176818,140.88616335046288,211.81060650236927,100,1864,1362,963,57.52116806920349,4.0
2,8,7.0,[ 325.80765589  254.17877793  116.6886046    70.23526893],1,6.9489755560170927,6.9489755560170927,-41.141319663227925,1.2587876202887855,7.0,5.0,2.0,1.0,325.80765589278917,254.17877792746631,116.68860459952145,70.235268931339533,586,51,1584,2104,161.12538264512747,4.0
2,9,1.0,[  61.5301982   273.73662559  102.68746991  173.97771982],1,-84.901769833492736,-84.901769833492736,146.431968028591,1.9088970414741198,1.0,6.0,2.0,3.0,61.530198195098258,273.73662558507385,102.68746991128164,173.97771982054363,1687,1013,1783,1469,86.007125072435073,4.0
2,10,5.0,[ 251.7017461    15.34098686  209.77289429  157.19140058],1,11.925489525182202,11.925489525182202,-120.22374342698457,1.7505385528493207,5.0,0.0,4.0,3.0,251.70174609819759,15.340986861076319,209.77289429116288,157.19140058484783,851,2046,1617,663,337.9802603961345,4.0
2,11,4.0,[ 185.55612476  246.46729281  132.78777551   70.21443466],1,39.908193894603912,39.908193894603912,145.64793086828956,3.3090817288903054,4.0,5.0,2.0,1.0,185.55612476289349,246.46729280927775,132.7877755121155,70.214434657787137,1278,167,2035,1863,359.81384069979475,4.0
2,12,3.0,[ 159.1406899   283.54359286  115.48803611  200.7939257 ],0,13.543592860332268,-110.85931010158967,-90.0,1.5338643975701416,3.0,6.0,2.0,4.0,159.1406898984103,283.5435928603323,115.48803610764645,200.79392570026337,1397,307,1380,1454,342.38307401838313,4.0
2,13,3.0,[ 146.74417134   71.813078    295.02678354  232.49646397],1,67.517809532266625,67.517809532266625,79.226361812223814,2.0507237534620799,3.0,1.0,6.0,5.0,146.74417134449044,71.813078004660312,295.02678354269017,232.49646397458932,1638,1709,1345,2095,221.58328595884367,4.0
2,14,0.0,[  24.50741405  261.75637745  180.60620856  138.31419517],1,-3.9436450996201651,-3.9436450996201651,28.451059145028665,3.7758365673071239,0.0,5.0,4.0,3.0,24.507414045408503,261.75637745189567,180.60620856301099,138.31419516916353,1464,503,2328,2022,232.29774568030948,4.0
2,15,7.0,[ 354.24695482  284.12253475  216.63124893   65.04936056],1,17.597684596022781,17.597684596022781,-23.350729772418738,1.6505467637180118,7.0,6.0,4.0,1.0,354.24695482360403,284.12253474793977,216.63124892529703,65.049360562498649,515,990,479,572,97.851891443538264,4.0
2,16,5.0,[ 261.61291534   12.73616397  318.22546699  205.86506322],0,6.5183466211942713,-104.60490200627717,6.2178173495212512,1.4504671069444157,5.0,0.0,7.0,4.0,261.61291534324408,12.736163970715523,318.22546698534347,205.86506321818592,2020,862,1419,1180,347.41805172280203,4.0
2,17,4.0,[ 224.36300316   96.1774903   312.08357777  174.67114017],1,-10.364575390280093,-10.364575390280093,-125.27242144859841,2.8590043528965907,4.0,2.0,6.0,3.0,224.36300316112153,96.177490303957057,312.08357777294009,174.67114017235579,2259,317,2327,554,236.81244905093345,4.0
2,18,0.0,[  13.1322575   291.64581567   72.67455543  152.45079564],0,-10.528509949033911,70.95793187654283,-57.825674376476215,1.3254797938716365,0.0,6.0,1.0,3.0,13.132257500066613,291.64581567448988,72.674555432672818,152.45079563687284,421,634,29,429,83.984484572375749,4.0
2,19,0.0,[  10.9325614    71.25083149  122.77893428  319.79066244],1,-4.8295863602249449,-4.8295863602249449,15.762147763972555,1.2838088031858206,0.0,1.0,2.0,7.0,10.932561403747609,71.25083148788886,122.77893427758613,319.79066244154626,1773,695,1905,405,305.92470699350702,4.0
2,20,6.0,[ 292.66071067  197.29827806  249.73657906   48.02699954],1,-3.4017588369253935,-3.4017588369253935,-63.937530489643045,2.3005883312143851,6.0,4.0,5.0,1.0,292.66071067343159,197.29827805669547,249.736579055698,48.026999536262224,459,1439,221,249,181.75201168995576,4.0
2,21,2.0,[ 105.49004527  223.33682558  173.10803014   49.7096668 ],1,-16.53973988303153,-16.53973988303153,122.02978515699699,3.6674688414786942,2.0,4.0,3.0,1.0,105.49004527396546,223.33682558113105,173.10803013603285,49.709666798289547,1142,1618,201,1509,78.796943311726594,4.0
2,22,1.0,[  47.87958804  313.01808137  187.65046704   99.91472237],1,8.4971686317096609,8.4971686317096609,39.382419409873165,2.3339213034196291,1.0,6.0,4.0,2.0,47.879588041582828,313.01808136793085,187.6504670351047,99.914722368430759,743,781,1667,1887,346.72214478241563,4.0
2,23,7.0,[ 357.74337306  229.95067784  291.24108405   43.96624343],1,8.1928012135741355,8.1928012135741355,-10.449428157769249,2.0339313959411811,7.0,5.0,6.0,0.0,357.74337305580491,229.95067783557826,291.24108404712609,43.966243426249449,961,737,1950,1623,133.94372839402669,4.0
3,0,7.0,[ 335.20681519   28.29501556  286.39594965  140.16654218],1,-1.7982858987886889,-1.7982858987886889,-22.994898910333848,1.4171942907123594,7.0,0.0,6.0,3.0,335.20681519087748,28.295015557028059,286.39594965026828,140.16654218494659,632,333,1781,314,13.956065417886808,1.0
3,1,4.0,[ 182.68264344  138.51302687  316.57081571   91.12690784],0,10.850463400108218,55.020079970266188,127.66256346673045,1.3170913127833046,4.0,3.0,7.0,2.0,182.68264343699664,138.51302686683866,316.57081571408048,91.126907841265833,179,2215,2096,2024,83.352162356882388,1.0
3,2,1.0,[  48.84264072  303.68788721  161.60295466  245.90855771],1,-8.5615724458523861,-8.5615724458523861,57.404213169109653,1.5755108697048854,1.0,6.0,3.0,5.0,48.842640723257269,303.68788721269311,161.60295465844484,245.90855771127289,1777,1028,230,218,125.89913701617577,1.0
3,3,0.0,[  26.77858802  287.67885596  157.96044242   91.62051696],1,4.4723829605987673,4.4723829605987673,22.306205054907643,1.5255032860586653,0.0,6.0,3.0,2.0,26.778588015506411,287.67885596014935,157.96044241809773,91.620516955598603,1785,1516,289,2068,162.91876635849371,1.0
3,4,0.0,[   2.23125928   80.02714469  206.08061194  123.26898953],0,-2.5613624523158895,-80.357247858449725,82.58850714082115,1.7504980687372154,0.0,1.0,4.0,2.0,2.2312592823714157,80.02714468850526,206.08061194057916,123.26898953084964,1949,1447,1530,1523,214.42712750441146,1.0
3,5,7.0,[ 356.44059849  117.77281594   60.19740421  306.54958466],0,1.1059961630867599,-120.22622128535278,116.66681977256535,1.150442702419241,7.0,2.0,1.0,6.0,356.44059848721264,117.77281593565209,60.197404206673482,306.54958465783028,829,1805,35,277,84.384103414094341,1.0
3,6,1.0,[  66.22389401  350.45599383  263.24047944  122.34462096],1,1.856546464020784,1.856546464020784,64.367347547776234,1.8172427006065845,1.0,7.0,5.0,2.0,66.223894011797015,350.45599383448643,263.24047943893726,122.34462095561298,2200,291,211,2122,220.37697263447836,1.0
3,7,2.0,[ 128.52435397  203.38368903   27.3144338   281.50627202],1,3.8868130637988041,3.8868130637988041,124.63754090156814,1.208798568113707,2.0,4.0,0.0,6.0,128.52435396536694,203.38368902617083,27.314433804470195,281.50627202021735,351,1677,1614,1975,250.64497984587669,1.0
3,8,3.0,[ 137.27926676    7.79377856  244.6209869   184.27370412],1,-101.02492520883106,-101.02492520883106,-121.69580802710685,2.6172756580926944,3.0,0.0,5.0,4.0,137.2792667640621,7.793778555755984,244.62098689984094,184.27370411500866,1845,1016,1232,950,247.02551739006023,1.0
3,9,2.0,[ 107.79735793   28.18246596  201.43972792  150.68491991],1,3.1671172970092223,3.1671172970092223,104.63024063551784,1.4838656520150835,2.0,0.0,4.0,3.0,107.79735793252706,28.182465957174223,201.43972792046443,150.68491991287524,1923,2244,837,1046,204.67377130302538,1.0
3,10,6.0,[ 305.35065706   80.94013071  125.40761335  177.21473667],1,6.0301811839171231,6.0301811839171231,-60.679524122419245,1.3254889170493698,6.0,1.0,2.0,3.0,305.35065706149788,80.940130712195952,125.4076133549641,177.21473667218729,800,470,1236,1018,156.60185764787107,1.0
3,11,3.0,[ 147.8175236   258.10906523   85.3711861   354.00560782],1,5.3996864000934481,5.3996864000934481,142.41783720413281,2.8506363989872625,3.0,5.0,1.0,7.0,147.81752360422624,258.10906523300258,85.371186104109938,354.00560781955818,2301,237,1253,1133,321.70031620579124,1.0
3,12,5.0,[ 269.10577466   98.20546469  156.18840556    3.48213528],1,-4.2872364083109726,-4.2872364083109726,-86.606988930911257,1.8172307264176197,5.0,2.0,3.0,0.0,269.1057746607778,98.205464690375294,156.188405564645,3.4821352817303475,2277,2056,1621,356,38.984463194113857,1.0
3,13,7.0,[ 343.88949537  294.32048804   78.37120755  190.19133455],1,2.9075872034431973,2.9075872034431973,-19.018091837019885,1.6588588381418958,7.0,6.0,1.0,4.0,343.88949536642332,294.32048804471026,78.3712075488192,190.1913345546709,564,1248,2357,2263,182.10638515165363,1.0
3,14,5.0,[ 254.70807688   54.92140092  123.61207341  306.86994329],0,0.91486144777433753,-159.29846259638265,54.006539472441339,3.5758167814055923,5.0,1.0,2.0,6.0,254.7080768760587,54.921400920215675,123.61207341309273,306.86994328926284,915,1435,334,1444,271.61994124700959,1.0
3,15,2.0,[ 112.47710284  333.26448866  230.65619534   44.63412516],1,-6.5089383372176499,-6.5089383372176499,118.98604117267368,2.5089743604330579,2.0,7.0,5.0,0.0,112.47710283545604,333.26448865510929,230.65619534212729,44.634125161748351,968,882,150,859,325.06385737720461,1.0
3,16,6.0,[ 293.55160704   52.63778658  141.79093257  237.30543751],0,-19.434293656902856,-138.52047319840361,72.072080237992765,2.0255705695308279,6.0,1.0,3.0,5.0,293.55160703958916,52.637786581089912,141.79093257334637,237.30543750716845,2224,1478,1095,1710,352.96473534083339,1.0
3,17,4.0,[ 180.41305982  132.11930653   78.2227445    35.40217348],1,4.373371651947533,4.373371651947533,176.03968816954162,2.66730319870112,4.0,2.0,1.0,0.0,180.41305982148916,132.11930652943093,78.222744504847583,35.402173477069333,14,402,325,1302,294.14505618576533,1.0
3,18,1.0,[  61.53061349  328.79534549  120.5557958    18.38292683],1,88.50345692484882,88.50345692484882,-26.972843433643746,2.7506628562114201,1.0,7.0,2.0,0.0,61.530613491205074,328.79534548898226,120.55579579749629,18.382926833686565,558,1701,1229,795,135.23149103360433,1.0
3,19,3.0,[ 164.00509807  243.64502048   43.19406112  334.40786912],1,-7.2154958140393912,-7.2154958140393912,171.22059388883238,3.8591049930109875,3.0,5.0,0.0,7.0,164.00509807479298,243.64502047731901,43.194061119760342,334.40786911933202,262,50,2000,1993,264.43410478592546,1.0
3,20,4.0,[ 221.22764051  274.88538035   66.08971379   11.96768591],1,-5.5372172848421704,-5.5372172848421704,-133.23514220148792,1.2337712840962922,4.0,6.0,1.0,0.0,221.22764051366988,274.88538035299558,66.089713790481653,11.967685911673385,844,594,1752,376,36.480245950916014,1.0
3,21,6.0,[ 275.65627125  187.4691614   348.54742931   43.41981648],1,6.1278308018123706,6.1278308018123706,-90.471559554076151,1.1004661946208216,6.0,4.0,7.0,0.0,275.65627124773624,187.46916139975474,348.54742930920486,43.419816482485764,437,1476,1448,843,301.9881111085121,1.0
3,22,0.0,[  29.6677528   126.27208359  319.54789062   77.43656778],1,5.3696812895721848,5.3696812895721848,24.298071506833388,2.2672972686268622,0.0,2.0,7.0,1.0,29.667752796405573,126.27208358810506,319.54789061883582,77.436567781171163,387,517,1057,1108,203.10456235460484,1.0
3,23,5.0,[ 234.1530392   328.29158326   35.79358936  127.21966225],0,11.726514177081961,-82.412029888067849,-43.434930914407737,1.1587656106275972,5.0,7.0,0.0,2.0,234.15303919752444,328.29158326267424,35.793589361004038,127.219662247709,870,209,1144,1305,283.6421721349318,1.0
4,0,5.0,[ 238.60020662   74.12947147  119.02210505  350.20416164],1,-1.7953426381970825,-1.7953426381970825,-119.60445074600493,2.8423528345156228,5.0,1.0,2.0,7.0,238.60020661579802,74.129471468070207,119.02210505349827,350.20416164136611,181,1750,1151,469,73.652624016086932,1.0
4,1,0.0,[  37.7481956   294.41963784  209.35047224  115.63750902],1,-0.69485790644529399,-0.69485790644529399,38.443053501836616,1.3338038424553815,0.0,6.0,4.0,2.0,37.748195595391323,294.41963783944414,209.35047223773913,115.63750902198589,983,316,776,1090,168.09890953507158,1.0
4,2,7.0,[ 339.81709578   75.43425091   32.12160613  277.93118495],1,7.6795647667959299,7.6795647667959299,-27.862468982476251,1.3171466220956063,7.0,1.0,0.0,6.0,339.81709578431969,75.434250908109306,32.121606130928541,277.93118494992621,2164,1912,2222,420,248.92583354017759,1.0
4,3,2.0,[ 112.77439907    9.44779181   58.16661383  326.10900176],1,4.560100421216668,4.560100421216668,108.21429864474659,1.6088461227045627,2.0,0.0,1.0,7.0,112.77439906596327,9.4477918104772947,58.166613827747291,326.10900176477753,1549,708,527,659,215.87178613093727,1.0
4,4,7.0,[ 358.9693625   206.04236026  254.78054754  165.99067227],1,0.33872194165005315,0.33872194165005315,-1.3693594409071872,1.8255607621103991,7.0,4.0,5.0,3.0,358.96936250074287,206.04236026117184,254.78054754343802,165.99067227255267,2192,786,1595,916,300.63248095218546,1.0
4,5,7.0,[ 358.66288354  313.72546456  167.78875918   44.9778604 ],0,5.6318716411993508,50.569290622588625,-51.906407082061783,1.317142345578759,7.0,6.0,3.0,0.0,358.66288354052688,313.72546455913761,167.78875918192284,44.977860398774055,651,1749,1959,487,308.15997830714656,1.0
4,6,1.0,[  51.96529836  114.27708239  182.75800322  330.12447094],1,0.83307585867332423,0.83307585867332423,51.132222497679308,1.3004782828356838,1.0,2.0,4.0,7.0,51.965298356352633,114.27708239398855,182.75800322361948,330.12447093560871,1729,954,1761,940,93.989567083473375,1.0
4,7,1.0,[  62.13872816  133.46899067  323.97163674   16.41533465],0,5.6933063633773502,-65.636956150438067,127.77568430595468,1.5671568856632803,1.0,2.0,7.0,0.0,62.138728155516603,133.46899066933202,323.97163674466469,16.415334647210535,21,869,971,1730,220.15264317050298,1.0
4,8,5.0,[ 252.28952709  195.08218462   38.11834888  310.8629194 ],1,-68.913920807002469,-68.913920807002469,-38.796552098308169,2.5923368689545896,5.0,4.0,0.0,6.0,252.28952709468933,195.08218461984086,38.118348877089112,310.86291940477309,1003,2123,183,1938,194.80017513980457,1.0
4,9,3.0,[ 166.89203971   42.49997772  219.44794546  122.09558839],1,4.9015326471120693,4.9015326471120693,161.99050706633491,1.5838158166297944,3.0,0.0,4.0,2.0,166.89203971344699,42.499977717777981,219.44794545696033,122.09558839162725,1384,931,2032,1354,173.17637462503006,1.0
4,10,2.0,[  99.66815484  157.43878121  221.51063141  305.65926245],0,-64.879904468081946,-122.65053083918323,-137.68131431767549,2.1089173975633457,2.0,3.0,4.0,6.0,99.668154843141281,157.43878121424254,221.51063141362386,305.65926245489135,301,1175,929,532,186.23447391728806,1.0
4,11,6.0,[ 276.11606065  321.64073138  232.79903145    3.61542138],1,34.975708221757507,34.975708221757507,-118.85964756768986,4.4175629242963623,6.0,7.0,5.0,0.0,276.11606065406767,321.64073137537366,232.79903144622756,3.6154213788304403,1674,1390,543,1558,102.55529874266172,1.0
4,12,4.0,[ 202.87057878   46.2764677   140.37148153  273.86693518],0,5.1947165610810577,161.7888276396327,41.081751135932628,1.6172391653672094,4.0,1.0,3.0,6.0,202.87057877556532,46.276467697013686,140.3714815284772,273.86693517889432,1492,1034,650,525,301.09549783489877,1.0
4,13,0.0,[  35.37180241  218.82451509  328.28903806   94.47837022],1,81.980811319958093,81.980811319958093,-46.609008906047407,2.3673192783171544,0.0,4.0,7.0,2.0,35.371802413910679,218.82451508619471,328.28903806039619,94.478370224202649,1211,461,1438,1883,113.21378266731887,1.0
4,14,6.0,[ 271.16843789   13.60342812  325.36311491   71.98093783],1,-1.5796502876666245,-1.5796502876666245,-87.251911819946244,2.2672502272325801,6.0,0.0,7.0,1.0,271.16843789238715,13.603428123982548,325.3631149076266,71.980937826967008,1052,1461,1349,1970,14.944532488361503,1.0
4,15,4.0,[ 209.79809363  308.07288572   93.92008135  151.29505296],1,116.37811053198314,116.37811053198314,93.419983094861124,1.5004843839560635,4.0,6.0,2.0,3.0,209.79809362684426,308.07288572460016,93.920081351775707,151.29505295624557,747,2335,411,1357,92.084156292531617,1.0
4,16,3.0,[ 136.26771937   42.3666099   334.84002433  275.6862222 ],1,5.0400029785529892,5.0400029785529892,131.22771639062017,1.1754707276995759,3.0,0.0,7.0,6.0,136.26771936917316,42.36660989645592,334.84002432896472,275.68622219768906,2115,1633,2203,579,327.07940435379578,1.0
4,17,0.0,[   3.23376444  222.01570954  318.59168227   57.51364289],1,4.1504186953363895,4.1504186953363895,-0.91665425638528786,2.1256105404609116,0.0,4.0,7.0,1.0,3.2337644389511015,222.01570954404832,318.59168226948248,57.513642886330025,22,463,143,122,267.25101302749124,1.0
4,18,5.0,[ 229.63397167  286.10524914  127.26629451   73.69810363],1,-5.3740081275992804,-5.3740081275992804,-124.99202019855868,2.3756504543853225,5.0,6.0,2.0,1.0,229.63397167384204,286.10524914369131,127.26629450770196,73.698103633564656,392,406,2332,1223,146.04507153084165,1.0
4,19,4.0,[ 199.32533116    2.70192886  121.5128678   258.89617486],1,-12.093746488091869,-12.093746488091869,-148.5809223549351,1.3671311126672663,4.0,0.0,2.0,5.0,199.32533115697305,2.7019288563090771,121.5128678033232,258.89617486225143,2190,344,799,1892,126.67362628089334,1.0
4,20,3.0,[ 149.60722012  199.79253354  313.19478834   57.90597204],0,3.5761664467232279,-46.609146970377708,-163.78363291091748,1.5921806344413199,3.0,4.0,6.0,1.0,149.60722011870484,199.79253353580577,313.19478833610276,57.905972041797888,462,959,271,685,74.1690142870535,1.0
4,21,1.0,[  67.84527611  239.0644667   108.57428586  174.88137712],1,3.0587719818775732,3.0587719818775732,64.786504128521358,1.4004851822392084,1.0,5.0,2.0,3.0,67.845276110398942,239.06446669710607,108.5742858618769,174.88137711615329,403,1441,252,1306,132.64303169108837,1.0
4,22,2.0,[ 110.07877648  216.8037722   159.69946184  334.67188652],1,-5.3342296541083254,-5.3342296541083254,115.41300613657657,1.8172070631553652,2.0,4.0,3.0,7.0,110.07877648246826,216.80377219559671,159.69946184494,334.67188651607103,263,597,1821,1571,255.27325870364123,1.0
4,23,6.0,[ 275.16427662   60.08604495  227.51890997  323.72812558],0,13.023653224652199,-131.89811510982642,47.06239172507982,1.7088667068892391,6.0,1.0,5.0,7.0,275.16427661525341,60.08604494973202,227.51890997405084,323.72812557995923,163,2008,1964,2298,358.68796611535799,1.0
5,0,6.0,[ 275.68397079  160.30743693   27.65473445  343.82036858],1,-5.409752218798265,-5.409752218798265,-78.906276988442158,1.7338656520150835,6.0,3.0,0.0,7.0,275.68397079275957,160.30743693138578,27.654734448616082,343.82036857875448,2134,1240,1297,1227,245.44040470741041,4.0
5,1,5.0,[ 249.84178008  330.20608017  150.01153061   90.51539713],1,3.9217745918864564,3.9217745918864564,-114.07999451023034,1.992251567193307,5.0,7.0,3.0,2.0,249.84178008165611,330.20608016571407,150.0115306142294,90.515397130958206,2034,902,674,198,129.01379478004867,4.0
5,2,6.0,[ 282.84393465  229.39735553   96.42043175  173.84576413],0,-4.4585452664338581,48.988033848304077,-126.14409920050687,1.425481276382925,6.0,5.0,2.0,3.0,282.84393464779725,229.39735553305928,96.420431752337592,173.84576412714111,1023,2055,1506,342,187.09074966849784,4.0
5,3,1.0,[  69.37364511  123.40618754  228.09416683  279.72809131],1,-60.656614161818979,-60.656614161818979,130.03025927188972,1.4421872487582732,1.0,2.0,5.0,6.0,69.373645110070754,123.40618753894837,228.09416683074335,279.72809130767115,368,908,363,440,165.30665706434181,4.0
5,4,7.0,[ 358.96851963  223.81636794  290.70090091   87.55393529],1,77.256047315636351,77.256047315636351,-78.28752768891249,2.2172651664441219,7.0,4.0,6.0,1.0,358.96851962672383,223.81636793502918,290.70090090744281,87.553935286558414,1515,760,1408,1351,138.29566728888184,4.0
5,5,1.0,[  82.2063849   326.40909794   30.07563817  130.35918099],1,-3.4818531954007468,-3.4818531954007468,85.688238098017578,1.2837982545024715,1.0,7.0,0.0,2.0,82.206384902616833,326.40909793679441,30.075638174595948,130.35918098673926,467,866,2121,435,85.821966295708407,4.0
5,6,4.0,[ 188.94687525  244.92489249  116.89584048   17.29987346],1,-1.0862453089765716,-1.0862453089765716,-169.96687944566887,1.2921744763007155,4.0,5.0,2.0,0.0,188.94687524535459,244.92489248536421,116.89584047551027,17.299873464681802,1358,2169,330,2175,313.60990965654992,4.0
5,7,7.0,[ 326.30475888  257.50956318  142.43869244  201.35036061],0,87.19296125272929,155.98815695085707,170.31660192635795,1.392175958812004,7.0,5.0,3.0,4.0,326.30475887721502,257.50956317908725,142.43869243733923,201.3503606096811,1533,2180,2248,1286,295.44376859890571,4.0
5,8,5.0,[ 266.75698811  205.48740328  102.64096341  146.26061678],0,-10.84993855154371,50.419646271974756,-143.66265816665197,1.4921683181601111,5.0,4.0,2.0,3.0,266.75698810532276,205.48740328180429,102.64096340501571,146.26061677514687,2300,1988,1051,394,91.341506449245813,4.0
5,9,3.0,[ 142.68574726  314.02446738  262.06986265  204.14153948],0,159.39187184489731,-11.946848275060857,154.63259553753039,2.6506551015045261,3.0,6.0,5.0,4.0,142.68574726246953,314.0244673824277,262.06986264631587,204.14153948021277,2047,2116,2012,222,353.31962792526116,4.0
5,10,2.0,[ 120.94203098  273.63838418   22.55323745  327.53663942],1,19.327567995938821,19.327567995938821,101.61446298264279,2.1839019736798946,2.0,6.0,0.0,7.0,120.94203097858161,273.63838417620036,22.553237450529345,327.53663941782906,1143,482,2324,431,166.35005819715911,4.0
5,11,2.0,[  91.6377109   298.75529659  185.24343949  140.49657504],1,-11.086644782502514,-11.086644782502514,102.72435568542237,1.8505300568940584,2.0,6.0,4.0,3.0,91.637710902919864,298.75529658943572,185.24343948616644,140.49657503850503,445,1699,1865,401,301.13640131752749,4.0
5,12,3.0,[ 167.94806161   77.81186579   19.85345069  120.49969942],0,-3.3716919699231536,86.764503844986208,81.183557761023394,1.7672288447647588,3.0,1.0,0.0,2.0,167.94806160600962,77.811865791100246,19.853450691494391,120.49969942266176,1554,2105,1998,1518,305.80300926773083,4.0
5,13,4.0,[ 205.413274    161.79999507   84.74409127  304.4355068 ],1,-18.793206387068334,-18.793206387068334,-135.79351961461239,2.5923197629890637,4.0,3.0,1.0,6.0,205.41327399831926,161.79999506535799,84.74409126850594,304.43550679525356,1891,2036,231,1118,196.55186496966562,4.0
5,14,5.0,[ 234.44820543  158.07292916  279.63750272   47.5467536 ],1,-33.954318370159733,-33.954318370159733,-91.597476197245626,1.567156600576709,5.0,3.0,6.0,1.0,234.44820543259465,158.07292916080993,279.63750271834732,47.546753597075408,1268,236,1973,427,301.76005098143753,4.0
5,15,1.0,[  79.96767843  352.58398176  169.02909523  212.60633465],1,-9.3609173838895554,-9.3609173838895554,89.328595817150031,3.2673594203079119,1.0,7.0,3.0,4.0,79.967678433260474,352.58398176450157,169.02909523313053,212.6063346509404,1926,1983,1076,1539,207.1489024418984,4.0
5,16,7.0,[ 319.87983377  182.50046158  120.08409354  249.19494608],1,23.21650519703833,23.21650519703833,-63.336671424427152,1.5671751320332987,7.0,4.0,2.0,5.0,319.87983377261116,182.50046158351986,120.08409353775673,249.19494607920572,792,2236,2267,2157,227.92524939015482,4.0
5,17,2.0,[ 116.261488    273.22160926   26.49489716  171.05949929],1,1.855578217066465,1.855578217066465,114.40590977969123,2.4089640398306074,2.0,6.0,0.0,3.0,116.26148799675769,273.22160926114447,26.49489715994639,171.05949928551365,31,2223,1407,23,267.33733029847986,4.0
5,18,3.0,[ 136.38147118  205.79199421  283.15714455    8.39584058],1,5.0069358633133119,5.0069358633133119,131.37453531676201,2.0422143902251264,3.0,4.0,6.0,0.0,136.38147118007532,205.79199421418843,283.15714455245296,8.3958405842657999,2295,1194,1672,1986,60.450000342841776,4.0
5,19,0.0,[  32.00170275  233.36723833  110.71147084  159.400413  ],1,149.28163743090406,149.28163743090406,-117.27993467770906,2.2422307549277321,0.0,5.0,2.0,3.0,32.001702753195012,233.36723832590059,110.71147084002638,159.40041300073216,2038,993,377,881,72.401941102073806,4.0
5,20,4.0,[ 181.1792148    52.22648123  132.90249248  317.55023578],1,136.17921479631639,136.17921479631639,45.0,2.3506033274461515,4.0,1.0,2.0,7.0,181.17921479631639,52.226481225832124,132.90249247693043,317.55023578263661,1385,1262,2188,1620,296.82326025073769,4.0
5,21,0.0,[  37.99516788  162.94750093  347.40157396  288.33036545],0,-142.48217363137096,92.56549330974876,-54.570325434511219,1.5088181259343401,0.0,3.0,7.0,6.0,37.995167875237541,162.94750093411784,347.40157396449081,288.33036544690634,767,1054,279,34,352.54353499237197,4.0
5,22,0.0,[  32.63882876  217.48641856  263.49331314  175.92204749],1,5.4841334342352814,5.4841334342352814,27.154695329159338,3.2757632967550308,0.0,4.0,5.0,3.0,32.638828763394621,217.48641855718023,263.49331313839662,175.92204749243109,1498,877,2061,1560,187.80462814825461,4.0
5,23,6.0,[ 302.5011071   238.05578575   37.11011283  193.24564805],1,21.37191780693675,21.37191780693675,-78.870810710388824,2.0505652381689288,6.0,5.0,0.0,4.0,302.50110709654791,238.05578575144654,37.110112832058668,193.24564804834796,1632,2027,1846,1266,298.43024268820585,4.0
6,0,7.0,[ 342.01846464  202.58879898   43.3251422   133.884192  ],0,3.4635729639876032,142.8932386229387,-160.87477397921293,2.258944995191996,7.0,4.0,0.0,2.0,342.01846464372579,202.58879898477471,43.325142201594673,133.8841920018055,189,2340,1756,1314,350.05848801657919,1.0
6,1,1.0,[  52.06994815  191.51300077  303.30731026   95.79030612],1,-7.6100410345873941,-7.6100410345873941,59.679989182101863,1.500478396876133,1.0,4.0,6.0,2.0,52.069948147514474,191.51300076998859,303.3073102600552,95.790306118131099,751,863,1735,1654,258.52593954831593,1.0
6,2,5.0,[ 225.99974896  345.69500338   27.66926528  280.70095619],1,9.662407121878827,9.662407121878827,-143.66265816665197,1.5005029154272052,5.0,7.0,0.0,6.0,225.99974895522689,345.6950033826688,27.66926528436386,280.70095619062238,375,1467,197,1630,206.51143057017015,1.0
6,3,2.0,[ 103.74385396  148.07560345  193.23909745  247.69808766],0,-56.858691648481702,-101.19044113960379,-155.06570489742344,2.0755567707237788,2.0,3.0,4.0,5.0,103.74385396297282,148.07560345409485,193.23909745391379,247.69808765850476,1751,37,251,1844,323.96520637266883,1.0
6,4,4.0,[ 206.57169765   78.13095645  151.76108087    2.22811954],0,-70.418789808073441,58.021951394177627,148.54974625480469,2.8006544742966071,4.0,1.0,3.0,0.0,206.57169764898234,78.130956446731261,151.76108087046626,2.2281195359981827,72,1105,630,1485,46.787345947838652,1.0
6,5,6.0,[ 273.67869349  116.98921411   51.81215044    5.78446664],1,0.74878884910630361,0.74878884910630361,-87.070095359390294,1.4671391524752835,6.0,2.0,1.0,0.0,273.67869348971601,116.98921411333505,51.812150436757747,5.784466644114632,701,494,1681,1960,191.64449157103434,1.0
6,6,0.0,[  27.74352254  345.84667789  212.27158264  142.10274409],0,-0.22854888677753324,41.668295758765524,-13.924773220409437,1.5755151461926289,0.0,7.0,4.0,3.0,27.743522538356089,345.84667789281303,212.27158263583252,142.10274408721281,399,2363,794,41,157.06659699533139,1.0
6,7,0.0,[  31.57451392   87.41878149  146.08616265  321.09911749],1,-2.1790744040861147,-2.1790744040861147,33.753588319814632,1.9089232706173789,0.0,1.0,3.0,7.0,31.57451391572852,87.418781489144692,146.08616264531352,321.0991174921362,2305,2336,705,1430,216.18176447642782,1.0
6,8,0.0,[  16.27974323  236.91883527  321.16553095   79.67659951],1,-2.3013679797599695,-2.3013679797599695,18.58111120870149,2.4173100410989719,0.0,5.0,7.0,1.0,16.27974322894152,236.91883527021363,321.16553094870443,79.676599508240116,1147,1347,624,671,217.77625879423849,1.0
6,9,5.0,[ 264.07020678   28.42117858  320.71648605  173.75475646],1,12.226346220917756,12.226346220917756,-108.1561394444773,3.4758449492364889,5.0,0.0,7.0,3.0,264.0702067764405,28.421178577301667,320.71648605099801,173.75475646203796,703,1131,507,2193,0.69032460659604666,1.0
6,10,6.0,[ 305.38958803  249.67573588  359.31528655  196.05908151],1,61.856192944857519,61.856192944857519,-116.46660491740575,4.6676102508063195,6.0,5.0,7.0,4.0,305.38958802745179,249.67573588280544,359.31528655391219,196.05908151397895,2276,2283,1423,444,177.51199149414489,1.0
6,11,2.0,[  97.98214338  165.62252199   47.23549292  279.69366405],1,-15.980345592255096,-15.980345592255096,113.96248897457818,1.2338379973662086,2.0,3.0,1.0,6.0,97.982143382323073,165.62252198834938,47.235492915549621,279.69366404968599,1989,2,500,724,237.45997920211363,1.0
6,12,6.0,[ 295.57081646   36.02139913  250.42885004  182.22931372],1,4.6652471275360803,4.6652471275360803,-69.094430663084495,1.59216010729142,6.0,0.0,5.0,4.0,295.57081646445158,36.021399134263199,250.4288500365823,182.22931372058125,2126,56,1080,1368,262.27507255478116,1.0
6,13,4.0,[ 215.86623268   27.88823175   76.94509001  266.40441725],1,2.881111208434981,2.881111208434981,-147.01487852757049,4.1842124469840201,4.0,0.0,1.0,5.0,215.8662326808645,27.888231753896555,76.945090009097783,266.40441724718693,970,2347,949,1902,55.813698408904962,1.0
6,14,4.0,[ 220.73597929   72.18589671  129.30592213  322.02434479],1,158.09952621783961,158.09952621783961,62.636453072608312,4.2758576646592701,4.0,1.0,2.0,7.0,220.73597929044794,72.185896708836509,129.30592212720205,322.02434479186422,2321,1913,1412,62,124.78429512426804,1.0
6,15,3.0,[ 137.58153516  213.94278617  305.92459727   57.59365566],0,-4.7509249126062878,-81.112175915964002,-141.30628892175241,3.1590726627327967,3.0,4.0,6.0,1.0,137.58153516228361,213.94278616564131,305.92459726949545,57.593655660536186,1737,2177,142,1127,139.83743504234781,1.0
6,16,2.0,[ 105.91022885   36.45047218  272.94931335  356.00290842],1,101.49460711683018,101.49460711683018,4.4156217346377664,2.3006661633698968,2.0,0.0,6.0,7.0,105.91022885146795,36.450472182204017,272.94931334860968,356.00290841934498,609,350,362,2291,14.896063639339502,1.0
6,17,1.0,[  51.15610102  337.83874424  262.41052402  153.93293871],1,-5.0912131384963653,-5.0912131384963653,56.247314160685441,1.0420684193086345,1.0,7.0,5.0,3.0,51.156101022189077,337.83874423814041,262.41052402213148,153.9329387066154,1363,398,593,1939,21.83879769270699,1.0
6,18,1.0,[  88.6487197   225.41257639  168.79908432  312.01007973],1,-3.7926450286598823,-3.7926450286598823,92.441364725192074,2.7006954715907341,1.0,5.0,3.0,6.0,88.648719696532197,225.41257639191281,168.7990843219512,312.01007973338949,603,1903,464,1895,336.13571638810299,1.0
6,19,5.0,[ 233.5206153   110.77360177   47.83204978  309.90045398],0,5.0861479830063212,127.83316151162224,105.68745378530035,1.9589262926601805,5.0,2.0,1.0,6.0,233.52061529692259,110.77360176830666,47.832049779993213,309.90045397906448,2141,283,798,1040,217.84870588962019,1.0
6,20,3.0,[ 172.84616337  112.53182291  307.71037446   66.17981375],1,-6.0349206982519989,-6.0349206982519989,178.8810840694328,0.99213268070889171,3.0,2.0,6.0,1.0,172.84616337118081,112.53182290654981,307.71037445616179,66.179813748029019,551,2097,1953,45,189.85993637938014,1.0
6,21,7.0,[ 329.69557364  275.37333167  145.14095578   16.63687377],1,1.1146512865155227,1.1146512865155227,-31.419077645064924,1.0671201078366721,7.0,6.0,3.0,0.0,329.69557364145061,275.37333167050832,145.14095577826248,16.636873769149968,383,346,2053,1235,90.698785732999326,1.0
6,22,3.0,[ 152.44284468  213.10095107   82.1865322    40.62055211],1,12.561659957901217,12.561659957901217,139.88118472519037,1.0505387239099946,3.0,4.0,1.0,0.0,152.44284468309158,213.10095107276749,82.186532196937364,40.620552106395131,728,2287,1854,546,190.12894191178498,1.0
6,23,7.0,[ 343.57050437  238.99588771  108.88181284  301.57088535],1,-3.4348788425550967,-3.4348788425550967,-12.994616791916506,1.4504873489931924,7.0,5.0,2.0,6.0,343.57050436552839,238.99588771102049,108.88181283525796,301.5708853468094,1307,673,1596,1896,341.6109520562166,1.0
7,0,7.0,[ 324.83622794   39.51634509   87.91598094  217.27390555],1,16.527492367845277,16.527492367845277,-51.691264432552288,2.6339690861059353,7.0,0.0,1.0,4.0,324.83622793529298,39.516345093062895,87.915980935328633,217.27390555271458,2147,1146,2234,704,27.961976128100396,4.0
7,1,5.0,[ 246.01127944  174.70621698   65.0918898   113.02045386],0,-8.6341051031219376,62.670957358985341,-176.65967792030116,1.1004402505641337,5.0,3.0,1.0,2.0,246.0112794386842,174.70621697657691,65.091889800523333,113.02045385769782,1387,571,2173,649,148.86352962340027,4.0
7,2,6.0,[ 292.7791769   251.79745494  197.99764617  145.20734886],0,7.1103387402266369,48.092060704878349,-115.31288380187415,1.3004817040200578,6.0,5.0,4.0,3.0,292.77917690300421,251.7974549383525,197.99764616603707,145.20734886018684,1074,358,2066,1568,218.86618438861493,4.0
7,3,6.0,[ 281.29089895  355.80221547  128.6923033    44.67506805],1,-23.533590203119658,-23.533590203119658,-55.175510843043206,2.517291851749178,6.0,7.0,2.0,0.0,281.29089895383714,355.80221547461747,128.69230329769317,44.675068054430874,896,1859,1954,660,181.37194978641082,4.0
7,4,1.0,[  49.46575178  155.55008799   93.71797571  233.01315722],1,-97.585033102207007,-97.585033102207007,147.05078488340956,1.8172358582087327,1.0,3.0,2.0,5.0,49.465751781202535,155.55008798949359,93.717975708000267,233.01315722344208,3,574,1031,953,154.17829778910695,4.0
7,5,4.0,[ 190.61937425  339.8648204   253.51043622   93.83383059],1,4.1813247332318184,4.1813247332318184,-173.56195048500157,2.3673338183871238,4.0,7.0,5.0,2.0,190.61937424823026,339.86482039853701,253.51043622104501,93.833830593067432,987,1330,727,2250,11.016911118868418,4.0
7,6,3.0,[ 141.37129063   17.61789354  248.55375499  320.83377925],1,-16.997822531876881,-16.997822531876881,158.3691131634821,1.4755279186501866,3.0,0.0,5.0,7.0,141.37129063160521,17.617893541292126,248.55375499224209,320.83377925346304,1933,1491,1546,434,246.89350556897389,4.0
7,7,3.0,[ 161.80117581   95.11200975  214.21171056  280.88016382],1,-0.66228801762726852,-0.66228801762726852,162.46346382788255,2.2922642826306401,3.0,2.0,4.0,6.0,161.80117581025527,95.112009753448575,214.21171056341714,280.88016382491116,1237,838,250,318,21.633036032996301,4.0
7,8,4.0,[ 210.7965426   107.6855869   263.08550321  158.2429878 ],1,-1.3991913315707494,-1.3991913315707494,-147.80426606528675,1.5421516683563823,4.0,2.0,5.0,3.0,210.79654260314248,107.68558689955395,263.08550320813902,158.24298779829573,2170,1177,450,2212,202.52965208736265,4.0
7,9,2.0,[ 115.48558248  171.5226503    52.73467004  237.61945386],0,5.3447049312499466,-50.692362883472093,166.17794536426831,3.0923659490945283,2.0,3.0,1.0,5.0,115.4855824807962,171.52265029551825,52.734670042030494,237.61945386100007,418,2331,115,709,337.24372910785718,4.0
7,10,7.0,[ 330.08298529  107.27060297  216.60243345  150.48870642],1,-1.8176220326699086,-1.8176220326699086,-28.099392676778759,1.5171484467136906,7.0,2.0,4.0,3.0,330.08298529055133,107.27060297028916,216.60243345210003,150.48870641540316,1111,538,1215,2325,102.65147294073336,4.0
7,11,0.0,[  29.5238885   332.94103257  172.30405517  262.26841751],1,-2.4814947110444825,-2.4814947110444825,32.005383208083494,2.5173252083768602,0.0,7.0,3.0,5.0,29.523888497039014,332.94103257014183,172.30405517337118,262.26841751361417,2309,520,1637,1693,274.42145805055219,4.0
7,12,3.0,[ 147.54142964  330.10268232  254.08541859   17.05664715],0,14.473083716443966,-168.08816896440445,-44.370401391589738,2.5756274753803154,3.0,7.0,5.0,0.0,147.54142964400583,330.10268232485424,254.08541859082024,17.05664714968556,610,1552,2133,1405,207.2489560022608,4.0
7,13,5.0,[ 257.28118942   99.15382878  197.86939328  152.33522017],1,49.606675564183192,49.606675564183192,-152.32548614641831,2.1255657798610628,5.0,2.0,4.0,3.0,257.28118941776489,99.153828779530997,197.86939327652695,152.33522017398818,1927,508,57,77,66.793524208619601,4.0
7,14,5.0,[ 243.32051526  283.92512943  336.92007004  191.98329217],0,-6.9193589222660989,-47.523973092626782,-69.15551164528938,1.5005205915949773,5.0,6.0,7.0,4.0,243.32051526208386,283.92512943244452,336.92007003594159,191.983292167413,537,132,2030,1836,107.15322503272611,4.0
7,15,2.0,[ 101.75761621  283.29336622   36.10825846  325.89527962],1,17.445607459904384,17.445607459904384,84.312008746737476,2.5590153007069603,2.0,6.0,0.0,7.0,101.75761620664187,283.29336621941559,36.108258458213655,325.8952796155171,343,710,618,1221,145.50646699432266,4.0
7,16,1.0,[  66.73435258  273.05113004  117.77780324  182.86700174],1,-12.281520093360188,-12.281520093360188,79.015872671173625,1.5421781825862126,1.0,6.0,2.0,4.0,66.734352577813439,273.0511300422171,117.77780323661599,182.86700174141126,1310,1159,308,813,268.13265520875444,4.0
7,17,2.0,[ 105.69767818  211.76432578   16.64886205   57.72702465],1,-100.37345609373672,-100.37345609373672,-153.92886572154077,1.7338719241961371,2.0,4.0,0.0,1.0,105.69767818472252,211.7643257804514,16.64886205015722,57.727024653752423,683,1296,1886,1048,197.90885488608606,4.0
7,18,7.0,[ 348.70462579  244.32816249  185.01402691  289.0262511 ],1,-8.201316150177675,-8.201316150177675,-3.0940580589171112,1.8672380249627167,7.0,5.0,4.0,6.0,348.7046257909052,244.32816249375637,185.01402691217399,289.02625110288199,1290,1726,443,43,153.82436332102566,4.0
7,19,0.0,[  41.71026829  168.92054154  100.96492956  230.86076236],0,4.8964463695534244,-122.31382687383378,164.02409516718262,2.0256087728484999,0.0,3.0,2.0,5.0,41.710268293348868,168.92054153673607,100.96492956126305,230.8607623632445,514,1853,1828,1676,121.66690716429746,4.0
7,20,1.0,[  59.36466536  139.45114423  209.77998459  261.48054844],1,-16.487729248641891,-16.487729248641891,75.85239461299831,1.8588800495490432,1.0,3.0,4.0,5.0,59.364665364356412,139.45114422924817,209.7799845918108,261.48054844107037,213,680,1157,246,66.884473623302696,4.0
7,21,6.0,[ 307.10152896  212.58873579  258.24395484  169.99995739],1,93.538785178588839,93.538785178588839,-146.43725621890761,1.1171199937962228,6.0,4.0,5.0,3.0,307.10152895968122,212.58873578925264,258.24395484299731,169.99995738558204,2304,1275,1257,694,96.433298445129466,4.0
7,22,4.0,[ 196.28033125  332.14450314  251.53597092  145.21826069],1,-13.829486379019192,-13.829486379019192,-149.89018236732716,1.6171798646828393,4.0,7.0,5.0,3.0,196.28033125365363,332.14450313941097,251.53597091731302,145.21826069178593,658,2178,194,349,299.07971794603554,4.0
7,23,0.0,[  11.23558673   52.58044424  191.19815399  329.2932472 ],1,7.8559029464064389,7.8559029464064389,3.3796837833226792,1.1838227160478709,0.0,1.0,4.0,7.0,11.235586729729118,52.580444235816543,191.19815398743742,329.29324720109003,1254,298,539,2214,228.38969512928702,4.0
8,0,6.0,[ 276.35080472  326.06908718  139.61893438  217.67042931],1,11.152378074873608,11.152378074873608,-94.801573349873763,3.7008251918450696,6.0,7.0,3.0,4.0,276.35080472499982,326.06908718228965,139.61893438021383,217.67042930593547,83,60,1590,1889,135.00167873326251,1.0
8,1,4.0,[ 221.66784007  103.09860447  171.56476459  281.25419376],0,-14.400534257413769,104.16870133716131,117.49913873104717,2.1005796641984489,4.0,2.0,3.0,6.0,221.66784006820848,103.0986044736334,171.5647645870115,281.25419376201359,1976,2237,1069,2113,242.3601124564795,1.0
8,2,7.0,[ 352.61156957  160.44981126  231.84870062   94.21205945],1,1.4922287185064376,1.4922287185064376,-8.8806591505202448,2.0506071477866499,7.0,3.0,5.0,2.0,352.61156956798624,160.44981125584584,231.84870062475358,94.212059449018071,513,2307,1649,810,72.369179772969758,1.0
8,3,6.0,[ 285.08527815   95.84278961  237.13490558  187.88951857],0,-78.065696685171076,111.17679185406202,173.90848629114581,3.1340551861212589,6.0,2.0,5.0,4.0,285.08527814520784,95.84278960597473,237.13490558043546,187.88951857474359,2052,381,1799,1138,92.503204373800173,1.0
8,4,2.0,[ 120.87400601  328.34999708   30.5112695   191.58946905],1,-11.294992309133864,-11.294992309133864,132.16899832213477,3.6924432680680184,2.0,7.0,0.0,4.0,120.87400601300092,328.34999708410385,30.511269497516718,191.58946904639197,2044,99,1075,930,187.10271415391412,1.0
8,5,3.0,[ 160.26983481  202.90588925    5.72558487  283.52885407],1,-7.865774741957531,-7.865774741957531,168.13560954871889,2.6256610030686716,3.0,4.0,0.0,6.0,160.26983480676137,202.90588924974631,5.7255848705498416,283.52885407213427,1465,1808,580,1553,237.79607500899795,1.0
8,6,0.0,[  31.297857    336.02864328  221.37484022   82.4781027 ],1,12.137683882922982,12.137683882922982,19.160173121981266,1.7088242270692717,0.0,7.0,4.0,1.0,31.297857004904248,336.02864328424511,221.37484021652961,82.478102697547612,186,1457,1294,1626,146.64466768186858,1.0
8,7,5.0,[ 246.26729079   75.45951471   29.84227742  347.43410649],1,1.8093117800347749,1.8093117800347749,-115.54202098841019,1.7673337613668991,5.0,1.0,0.0,7.0,246.26729079162459,75.459514711072003,29.842277420202183,347.43410649257112,2218,2148,519,2135,123.38085376147197,1.0
8,8,2.0,[ 127.76393317  324.06224574   77.34917796   11.51057541],1,146.19888199178945,146.19888199178945,-18.434948822922014,2.9257201897125924,2.0,7.0,1.0,0.0,127.76393316886744,324.0622457380685,77.34917795773454,11.51057540885359,391,1101,299,1635,69.927589538830063,1.0
8,9,7.0,[ 338.08493793  242.03654397  282.31152417  129.9272455 ],1,-13.910333211711697,-13.910333211711697,-8.0047288572928572,3.3507760977081489,7.0,5.0,6.0,2.0,338.08493793099547,242.03654397450444,282.31152416771596,129.92724549849805,682,706,114,1206,4.0332155769907407,1.0
8,10,5.0,[ 268.66104946  224.58770966   55.5159595   173.7926259 ],1,-3.240187001362262,-3.240187001362262,-88.098763535385572,1.8672497140505584,5.0,4.0,1.0,3.0,268.6610494632522,224.58770965935446,55.515959502443152,173.79262590115388,103,2111,1502,1796,121.63609997705737,1.0
8,11,1.0,[  62.22766315  168.62000076  262.88800833  128.11961367],1,-108.23387411682226,-108.23387411682226,170.46153726601386,2.0672198926331475,1.0,3.0,5.0,2.0,62.227663149191592,168.62000075561218,262.88800833285762,128.11961366686197,1755,1047,1707,178,252.00089135019036,1.0
8,12,0.0,[  36.88455737  261.67345273  129.39348713   85.60988029],1,-37.567503073902579,-37.567503073902579,74.452060441711225,1.6505136921769008,0.0,5.0,2.0,1.0,36.884557367808647,261.67345273140154,129.39348712939017,85.609880291695191,1574,911,562,2229,300.51456915562392,1.0
8,13,1.0,[  8.71375013e+01   1.57172859e+02   2.93878097e+02   7.17957744e-02],0,-108.49826623737076,-178.53362359866682,-94.328875067190424,2.7257103822921636,1.0,3.0,6.0,0.0,87.137501334142797,157.17285869543886,293.87809657835311,0.071795774410012836,1002,1196,2358,1548,160.9732973162717,1.0
8,14,6.0,[ 271.20161364   70.80365469  202.26861423  129.46694805],1,-1.6371741986645543,-1.6371741986645543,-87.16121215899463,2.1672715526510729,6.0,1.0,4.0,2.0,271.20161364234082,70.803654692463795,202.2686142261883,129.46694805371919,955,1622,1507,974,355.96877690348282,1.0
8,15,5.0,[ 267.12497108    5.08142087   54.34500721  209.93138933],0,15.615282683726548,-82.341167107723393,-10.53386180968449,1.4671770707063843,5.0,0.0,1.0,4.0,267.12497108259214,5.0814208740420561,54.345007205898682,209.93138933141501,939,2181,2238,1326,274.64431974312129,1.0
8,16,2.0,[ 100.02905491  225.82210731  185.13757836   35.05322387],0,131.52732405730271,5.7342716482162466,94.294783257022701,2.7006652510463027,2.0,5.0,4.0,0.0,100.02905490523895,225.82210731432542,185.13757835947695,35.053223869726317,1526,1811,369,1884,24.930045933701134,1.0
8,17,4.0,[ 202.53067454  247.79932993  328.8663472    56.89553294],1,-123.97414078290097,-123.97414078290097,-33.495184673741193,2.525638423190685,4.0,5.0,7.0,1.0,202.53067454335786,247.79932992678062,328.86634720333262,56.89553294256477,832,2163,2359,1705,156.26959912215509,1.0
8,18,0.0,[  30.65447039   74.56169574  169.34438313  251.26627482],1,-41.487848701379733,-41.487848701379733,72.142319094442414,2.1006158718228107,0.0,1.0,3.0,5.0,30.654470393062681,74.56169574471059,169.34438312788865,251.26627481838557,2144,2191,2080,1708,180.23404766534517,1.0
8,19,1.0,[  89.88475927  315.92358567  272.64844861   18.58633677],1,122.03167149211251,122.03167149211251,-32.146912223268011,2.3339535196719225,1.0,7.0,6.0,0.0,89.884759268844476,315.92358567275579,272.64844861251964,18.586336773317566,1140,1486,1042,2051,324.92970460990489,1.0
8,20,3.0,[ 166.21746331   33.10798847   88.39942742  313.60672354],1,13.48487940006544,13.48487940006544,152.73258390803943,1.5755125802970724,3.0,0.0,1.0,6.0,166.21746330810487,33.107988470989746,88.399427416117703,313.60672353618691,1137,1668,1451,1160,81.144587480710129,1.0
8,21,4.0,[ 194.2438492   290.85283671   56.0625471   154.15493895],1,10.399713622793788,10.399713622793788,-176.15586442370764,4.1842765943729319,4.0,6.0,1.0,3.0,194.24384919908616,290.85283671489782,56.06254709955499,154.15493895206845,521,1866,811,1114,277.7876772880345,1.0
8,22,7.0,[ 330.68831493  102.15222286  289.18525816  174.27845192],1,-3.5564143074467816,-3.5564143074467816,-25.755270760167097,1.4254926803550916,7.0,2.0,6.0,3.0,330.68831493238616,102.15222285785519,289.1852581648775,174.27845191621,180,1643,97,270,237.19899819300511,1.0
8,23,3.0,[ 177.16744591   72.37154444  349.08332046  129.28633164],0,70.381372188341658,175.17727365734612,1.9901722497548957,6.0344220521074021,3.0,1.0,7.0,2.0,177.16744590710101,72.371544438096549,349.08332046382407,129.28633164393079,789,1086,1011,282,301.49721388701914,1.0
9,0,2.0,[ 129.76800032  221.23416541   85.77385525  170.28325641],1,-1.9027561444173247,-1.9027561444173247,131.67075646645318,1.1420992670755368,2.0,4.0,1.0,3.0,129.76800032203587,221.23416541036167,85.773855245010267,170.28325640831963,1030,164,2226,2084,164.97350127369438,1.0
9,1,4.0,[ 193.45933221   29.72607209  329.74530296  286.52808076],1,3.4896602575995885,3.4896602575995885,-170.0303280463248,2.959022941373405,4.0,0.0,7.0,6.0,193.45933221127476,29.726072094003055,329.74530295641836,286.5280807649138,667,2150,193,1284,235.87584079275149,1.0
9,2,3.0,[ 179.15368776  220.207998    260.97298679   11.54240541],1,3.7891511858375915,3.7891511858375915,175.36453657309735,1.2671099582948955,3.0,4.0,5.0,0.0,179.15368775893495,220.20799799690855,260.97298678921675,11.54240540951889,1070,372,1532,1909,181.41229197420796,1.0
9,3,7.0,[ 346.28819327  292.24290546  195.55356754  248.83915575],1,-0.86792388382405272,-0.86792388382405272,-12.843882846882027,1.0421094736229861,7.0,6.0,4.0,5.0,346.28819326929391,292.24290546240348,195.55356753828664,248.83915574664778,1570,1414,129,274,325.71973672158072,1.0
9,4,5.0,[ 248.80364081  342.2983782   295.34404831  154.9384128 ],1,-0.17471517260656105,-0.17471517260656105,-111.02164401405423,1.4256229708116734,5.0,7.0,6.0,3.0,248.8036408133392,342.29837820373035,295.34404831243461,154.93841280242845,2089,370,677,1794,35.791144192206879,1.0
9,5,7.0,[ 336.79216848   79.49567004  238.66493053  122.82111795],0,-56.144479625965346,-158.84798119378374,135.64014966952354,2.8423941739310976,7.0,1.0,5.0,2.0,336.7921684757398,79.495670043558192,238.66493053259089,122.82111795201726,2114,825,456,364,135.40741426005488,1.0
9,6,5.0,[ 264.70958499  209.92836942  359.20416454   85.34897088],0,-61.65648497438174,-6.8752694050072423,-88.415145606949494,1.7922349173895782,5.0,4.0,7.0,1.0,264.70958498804328,209.92836941866875,359.204164541588,85.34897087728055,1079,962,1529,759,282.58597595747773,1.0
9,7,3.0,[ 141.08815078  211.59412156  356.4379019   298.38399311],1,0.52820351411489541,0.52820351411489541,140.55994726330957,1.3171212482266128,3.0,4.0,7.0,6.0,141.08815077742446,211.59412155823514,356.43790190033212,298.38399311200351,2108,787,1827,1598,227.80235445999597,1.0
9,8,7.0,[ 348.79513592  193.12612143  307.38214945  139.20592119],1,-1.5545642649313502,-1.5545642649313502,-9.6502998128119195,1.7589107832609443,7.0,4.0,6.0,3.0,348.79513592225675,193.12612143093395,307.38214945327604,139.20592119422935,1318,1557,726,2015,246.59454728878288,1.0
9,9,0.0,[  16.28933103   58.01532423  146.33206477  283.31516371],0,-75.515875053349788,-117.24186825619097,133.53119928561421,2.6173284014948877,0.0,1.0,3.0,6.0,16.289331029423231,58.015324232264433,146.33206477442067,283.31516371417246,446,979,2308,1337,61.22537630511173,1.0
9,10,2.0,[ 123.44865094  341.64722751  248.88455222  290.3806689 ],1,-9.7765547415482228,-9.7765547415482228,133.22520568183845,3.1090374244377017,2.0,7.0,5.0,6.0,123.44865094029022,341.64722751209774,248.8845522175383,290.38066889984361,1495,1097,1339,860,263.34565526877259,1.0
9,11,1.0,[  69.89287813   18.55126777  114.60910478  158.79404778],1,0.16179428498646228,0.16179428498646228,69.731083845863196,1.5671748469321756,1.0,0.0,2.0,3.0,69.892878130849653,18.55126777353372,114.60910477889031,158.79404778114892,2197,584,79,879,107.26981390328072,1.0
9,12,1.0,[  83.93519125  314.99284935    1.23886934  190.17445072],1,4.6977284688106549,4.6977284688106549,79.237462776857541,1.8505679751251591,1.0,6.0,0.0,4.0,83.935191245668193,314.99284934794122,1.238869337264727,190.17445071856989,524,1470,1837,1867,241.38513929863532,1.0
9,13,3.0,[ 148.37994039   48.2805164   230.91908427   99.24773266],1,-7.3820018745767868,-7.3820018745767868,155.76194226683808,1.6254979261866538,3.0,1.0,5.0,2.0,148.37994039226129,48.280516396990322,230.91908427067594,99.247732657931977,454,1323,2010,162,2.7710945088003935,1.0
9,14,6.0,[ 307.08413395   75.07985764  179.72363672  128.14996541],1,2.8466711720031292,2.8466711720031292,-55.762537223142466,1.5671745618310524,6.0,1.0,3.0,2.0,307.08413394886071,75.079857644549961,179.72363671790779,128.14996540809264,1703,876,2152,873,90.214343605384542,1.0
9,15,4.0,[ 203.38589196  157.21569916  329.69154518   81.91120186],1,-13.346934703294618,-13.346934703294618,-143.26717333551065,1.7006088013586123,4.0,3.0,7.0,1.0,203.38589196119477,157.21569915891459,329.69154517635184,81.911201859730369,1831,286,69,2182,69.971467005587968,1.0
9,16,2.0,[ 106.27447436  312.80466316  194.7725664   152.65750553],0,-2.6714680899185081,150.79834310720173,-44.523868748358154,1.6672002778068418,2.0,6.0,4.0,3.0,106.27447435884358,312.80466316172334,194.77256639754904,152.65750553491938,287,312,662,1245,334.01379895801699,1.0
9,17,6.0,[ 273.85555959  170.20636039  350.21981823   41.9313608 ],1,1.8262431615005301,1.8262431615005301,-87.970683570656803,2.4172812460456043,6.0,3.0,7.0,0.0,273.85555959084371,170.20636038863347,350.219818233095,41.931360796209383,120,720,1063,1379,42.556424773925087,1.0
9,18,4.0,[ 211.1880155   325.89024794   21.52477731   82.33269959],1,2.3772217568513767,2.3772217568513767,-151.18920625702694,3.1340945298579754,4.0,7.0,0.0,1.0,211.18801549982444,325.89024793525573,21.524777309541943,82.332699589100002,820,1402,1504,2284,81.486168149820926,1.0
9,19,6.0,[ 286.29467728  166.84730524  226.56475608   11.22249157],0,-75.373074034092141,44.074298009249958,-117.77962072502172,2.6340243953891331,6.0,3.0,5.0,0.0,286.29467728422827,166.84730524088616,226.56475607887691,11.222491567909609,2160,361,2293,1161,241.99631502280252,1.0
9,20,5.0,[ 246.80268811  118.73512732  331.81075515  160.09318958],1,4.8620728765326149,4.8620728765326149,-118.05938476834456,2.1589389510772889,5.0,2.0,7.0,3.0,246.80268810818805,118.73512731630527,331.81075515097416,160.09318958173083,1463,119,1678,1072,172.94757356054626,1.0
9,21,0.0,[  28.9676022   146.029586    262.12585498  329.83863483],1,-4.5987165363500644,-4.5987165363500644,33.566318734573322,2.0506105689710239,0.0,3.0,5.0,7.0,28.967602198223254,146.02958600075871,262.12585498260171,329.83863482718584,367,2311,1272,791,28.291444635503666,1.0
9,22,0.0,[  36.61044513  275.00357166   90.34259965  342.63248039],1,-1.3228251574660186,-1.3228251574660186,37.933270283598922,1.1171242702985182,0.0,6.0,2.0,7.0,36.610445126132902,275.00357165903972,90.342599648428219,342.63248038776544,1658,1462,385,1,126.98603645891491,1.0
9,23,1.0,[  62.4909114   157.98498613  324.87891146   13.05325004],0,-164.02181351201585,100.48411175747628,-37.993200359919449,2.9256765695026843,1.0,3.0,7.0,0.0,62.490911397556829,157.98498612806469,324.87891146486663,13.053250039145565,1039,409,1287,1267,236.63073269473841,1.0
10,0,2.0,[ 109.78950246    4.0476066   293.91780681  152.10676172],0,-5.6026932168834289,100.13920264547595,9.6502998128119195,3.2757815431104973,2.0,0.0,6.0,3.0,109.78950245828786,4.0476065959284915,293.9178068094248,152.10676171800748,619,1106,831,1134,184.46266277576336,4.0
10,1,1.0,[  65.09757541  183.64827143  133.28857003  297.53677241],1,-3.8161235318778148,-3.8161235318778148,68.913698938531567,1.8255442263325676,1.0,4.0,2.0,6.0,65.097575406653746,183.64827143389755,133.2885700261896,297.53677240515543,196,1341,1067,1355,326.02802490341298,4.0
10,2,3.0,[ 142.79096251  319.28435832  205.93989355   61.84423945],1,4.4617189757543576,4.4617189757543576,138.32924353354684,1.6505268067558063,3.0,7.0,4.0,1.0,142.79096250930121,319.28435831690405,205.93989355181444,61.844239453831804,1997,239,16,858,218.50180074422775,4.0
10,3,0.0,[  17.48061833  218.58942907  173.49799647  334.3784168 ],1,7.6148113836293083,7.6148113836293083,9.8658069430843689,1.7338662222173298,0.0,4.0,3.0,7.0,17.480618326713678,218.58942907234069,173.49799646951325,334.37841679972394,1241,40,1810,1043,297.32379991293948,4.0
10,4,7.0,[ 321.98784745  262.05796806  163.85759338  104.80489536],1,9.239891796451678,9.239891796451678,-47.252044345402552,1.5255095582397189,7.0,5.0,3.0,2.0,321.98784745104916,262.0579680647748,163.85759337565369,104.8048953604913,1474,348,1335,1141,68.555328737007727,4.0
10,5,4.0,[ 218.8510514    76.57802666  305.73546753  149.47014987],1,77.867393816718007,77.867393816718007,140.98365758301807,1.600419723399682,4.0,1.0,6.0,3.0,218.85105139973609,76.578026662226037,305.73546753423034,149.47014986654074,1888,1798,2320,1280,275.44623920479125,4.0
10,6,4.0,[ 224.94174668  325.26555937  112.60205728  165.64955861],1,-13.127571218438307,-13.127571218438307,-121.93068210371783,1.4838163298118161,4.0,7.0,2.0,3.0,224.94174667784389,325.26555937036284,112.6020572825708,165.64955861102791,721,67,1260,1100,310.47061651664103,4.0
10,7,0.0,[  16.50617862   77.5958453   286.8698909   334.36499826],0,12.310146204960862,-48.779520481105308,65.285699099847477,1.5421559448295739,0.0,1.0,6.0,7.0,16.506178618742176,77.59584530480835,286.8698909005588,334.36499826406043,199,816,1112,1188,251.65214750286594,4.0
10,8,1.0,[  63.53378562  149.00061004  103.89184094  310.36902196],1,-3.0866904241403015,-3.0866904241403015,66.620476047223377,1.5755351031548344,1.0,3.0,2.0,6.0,63.533785623083077,149.00061004359364,103.89184093804417,310.36902195866355,273,585,2162,1129,196.97372728695865,4.0
10,9,3.0,[ 154.35552196   19.83237965  294.75597424   70.14683321],1,5.5979909983124516,5.5979909983124516,148.75753096404026,1.0170902864338132,3.0,0.0,6.0,1.0,154.3555219623527,19.832379650620794,294.75597424188845,70.146833205060858,2249,1317,1436,1512,146.68290086347065,4.0
10,10,2.0,[ 106.9325312   253.89287743  172.91097347    4.44444174],0,14.818664596314807,-132.14168163253586,-120.92578716751039,1.8838698714826023,2.0,5.0,3.0,0.0,106.93253119995376,253.89287742880444,172.91097347206193,4.4444417394983073,1592,280,169,1154,163.36096022617448,4.0
10,11,0.0,[  42.47113068  183.25324417  242.09411795  103.21556553],1,-6.1946196146960242,-6.1946196146960242,48.665750292630378,1.2754904565808829,0.0,4.0,5.0,2.0,42.471130677934354,183.25324417158299,242.09411795393069,103.21556552508962,1612,2356,1500,1741,253.62659266540857,4.0
10,12,3.0,[ 162.72646366  275.04501238   43.5401242   331.19567644],0,-67.614729390323404,-179.93327810834785,-17.340258231068976,0.95878516843367834,3.0,6.0,0.0,7.0,162.72646366058319,275.04501237860762,43.540124199728666,331.19567643921715,2083,1185,1757,1607,328.51828611844758,4.0
10,13,4.0,[ 223.56174143  341.15991406  135.77686462   84.35990984],1,-13.489043457550876,-13.489043457550876,-122.94921511659045,1.7672068921092432,4.0,7.0,3.0,1.0,223.56174142585866,341.15991405998994,135.77686461979098,84.359909836595776,1767,1107,265,1873,242.5727471632263,4.0
10,14,6.0,[ 311.60068227   52.29396803  168.96759354  229.37160519],1,-5.5084074658712261,-5.5084074658712261,-42.890910262742231,1.3671504994272254,6.0,1.0,3.0,5.0,311.60068227138657,52.293968025367967,168.96759353799422,229.37160519446903,158,604,1410,1411,183.12861317149046,4.0
10,15,7.0,[ 320.59734299   41.56662387  273.43866414  164.43111159],0,0.79102708392171917,-80.178253792521858,40.775596782916146,1.8922629141452489,7.0,0.0,6.0,3.0,320.59734299039428,41.566623866837865,273.43866414416999,164.43111159411214,389,1702,2323,815,276.52296144649563,4.0
10,16,6.0,[ 302.75413931   48.2031953    90.98911968  228.09845857],1,-84.020785583461659,-84.020785583461659,26.77492488864554,3.2507324204780161,6.0,1.0,2.0,5.0,302.75413930518391,48.203195302741989,90.989119680559625,228.09845857484777,826,422,1450,1690,359.43355841030848,4.0
10,17,7.0,[ 342.25108181  169.39246922   71.37830222  221.89511309],1,-1.8969900327552385,-1.8969900327552385,-15.851928154286954,1.9255579681339441,7.0,3.0,1.0,4.0,342.25108181295781,169.39246921586792,71.378302221834218,221.89511309409497,850,136,1770,1093,68.095539167866249,4.0
10,18,2.0,[ 106.67575821  281.9281122   345.50636218  171.88781047],0,9.1466985260796196,-166.1056554608962,-87.218586330724847,1.8588977257022634,2.0,6.0,7.0,3.0,106.67575820837897,281.9281121953548,345.50636218305783,171.8878104684448,1704,1225,206,1640,47.367310933758141,4.0
10,19,5.0,[ 248.78761681  192.6076216   304.12193034  148.17619073],1,90.999447501221184,90.999447501221184,157.78816931355379,1.6254973559844075,5.0,4.0,6.0,3.0,248.78761681477496,192.60762160057342,304.12193033792528,148.17619073115549,1684,436,1344,497,3.6349353474578727,4.0
10,20,5.0,[ 236.90206271   28.20766096  277.13857894  182.46739819],1,9.9157220178080614,9.9157220178080614,-133.01365930411779,2.5756702402868541,5.0,0.0,6.0,4.0,236.90206271369027,28.207660959537421,277.13857893519713,182.46739818718336,1585,452,2254,957,339.0965623175004,4.0
10,21,6.0,[ 277.12623196  125.25437108   10.30463089   79.21459336],1,6.4359547633512646,6.4359547633512646,-89.309722802134928,2.0756346028647386,6.0,2.0,0.0,1.0,277.12623196121632,125.25437108489913,10.304630892179642,79.214593360939659,1819,1972,1650,809,166.49049624478641,4.0
10,22,1.0,[  64.80435636  341.53011344  260.93906741  145.73321711],1,6.8341415146445179,6.8341415146445179,57.970214843003021,2.1172981809504563,1.0,7.0,5.0,3.0,64.804356357647535,341.53011344290735,260.93906741130832,145.73321710649338,1694,1279,13,42,320.00208736947559,4.0
10,23,5.0,[ 246.47538726  197.00895949  140.96115939  347.55612234],1,100.85573198439413,100.85573198439413,145.61965527615513,3.9008247356832726,5.0,4.0,3.0,7.0,246.47538726054927,197.00895948629775,140.96115938613121,347.5561223363004,846,2278,2210,191,218.65060521406474,4.0
11,0,4.0,[ 208.00091423   22.33830869  305.97118188   89.21691614],0,5.7274497008542689,-168.60994476311413,16.6108589905459,1.7505536631360883,4.0,0.0,6.0,1.0,208.00091422743179,22.338308691400169,305.97118187553536,89.21691614191019,2365,7,1897,1764,234.48690363602736,4.0
11,1,7.0,[ 346.49052371  179.66662334  294.40326149  113.9222463 ],1,167.39274487193529,167.39274487193529,179.09777883846988,1.108768290549051,7.0,3.0,6.0,2.0,346.49052371040517,179.66662334457618,294.40326149452034,113.92224630220815,864,2071,2252,2094,178.76516471443387,4.0
11,2,4.0,[ 212.56749516   11.63730891  108.91497459  269.35047948],1,-17.508493033104603,-17.508493033104603,-129.9240118114389,1.6671991374023492,4.0,0.0,2.0,5.0,212.5674951554565,11.637308906316493,108.91497458763772,269.35047947688344,1940,489,1511,1115,244.61870988528739,4.0
11,3,2.0,[ 111.4894106   328.97958854  153.22719751   35.3644573 ],1,60.327932494584019,60.327932494584019,51.161478103670618,1.5838235143164638,2.0,7.0,3.0,0.0,111.48941059825464,328.9795885350909,153.22719751127002,35.364457302915625,2312,735,92,1210,90.044216958437303,4.0
11,4,5.0,[ 225.90814209  310.37362253  359.71826095  161.70795527],1,2.3522676162088314,2.3522676162088314,-136.44412553093585,1.9589108972868416,5.0,6.0,7.0,3.0,225.908142085273,310.37362252889784,359.71826095141006,161.70795527315951,1922,1116,2306,1982,111.84654120634713,4.0
11,5,6.0,[ 314.30543593  260.14394186   94.73636113   27.2049003 ],1,3.2059296721818353,3.2059296721818353,-48.90049374238189,1.1921011487283977,6.0,5.0,2.0,0.0,314.30543592979996,260.14394186467268,94.736361129543184,27.204900298386754,457,1696,1833,675,216.49232473335022,4.0
11,6,5.0,[ 231.67053077  337.09106203  101.37503623   26.52507637],1,142.5871850241619,142.5871850241619,89.083345743614714,1.9255930353538133,5.0,7.0,2.0,0.0,231.67053076777665,337.09106203027176,101.37503622937156,26.525076374138187,637,2279,1449,770,184.81737964709487,4.0
11,7,7.0,[ 339.92416156  154.60062552   88.80550334   27.12010973],1,-177.28524759647468,-177.28524759647468,157.20940915821498,2.7256365415378241,7.0,3.0,1.0,0.0,339.92416156174033,154.60062552188228,88.805503336042136,27.120109725619812,1994,1432,1381,1565,232.56349086096898,4.0
11,8,6.0,[ 294.34374514  141.22686301  341.01612315   35.25934648],1,-7.0858204792833233,-7.0858204792833233,-58.570434385161491,1.6338387956493534,6.0,3.0,7.0,0.0,294.3437451355552,141.22686301120297,341.01612315258643,35.259346478613317,319,393,945,548,231.23202225837275,4.0
11,9,5.0,[ 232.68110641   94.40506494    0.89633809  168.66313878],1,-2.2331916933143563,-2.2331916933143563,-125.08570189976021,1.27547164002317,5.0,2.0,0.0,3.0,232.68110640692541,94.405064939786669,0.89633808552895711,168.6631387813579,935,696,1098,2039,330.10955275211239,4.0
11,10,1.0,[  52.86267761  270.27351621   95.84565514  341.42711002],0,-179.72648379035391,-37.137322387960197,90.0,1.5171937775303377,1.0,6.0,2.0,7.0,52.862677612039803,270.27351620964612,95.845655136292962,341.42711002042824,1660,2092,1547,1868,116.67487380720955,4.0
11,11,1.0,[  85.88676827  228.0648602    43.69469049  172.71560859],1,-8.8183287046139043,-8.8183287046139043,94.705096977266251,1.8172275903343689,1.0,5.0,0.0,3.0,85.886768272652347,228.06486019500082,43.694690492582936,172.71560858520024,94,44,2280,549,179.01859468934194,4.0
11,12,4.0,[ 185.42086246  318.04247919    1.95196446   92.72126435],1,-133.56266334948322,-133.56266334948322,-41.016474186149338,1.8422188377735438,4.0,7.0,0.0,2.0,185.42086246436745,318.04247919237656,1.9519644564947543,92.721264345474168,1610,483,1772,697,21.771798220550398,4.0
11,13,0.0,[  30.63094038  319.38172609  175.909668    108.87110101],0,1.0707845734716335,72.319998866766696,-41.689058485388564,1.2671156602737028,0.0,7.0,3.0,2.0,30.630940381378132,319.3817260880831,175.9096679964124,108.87110101044772,1966,1025,1437,341,304.25739230640238,4.0
11,14,0.0,[  39.91948344  322.69461863  262.79126016  187.30031842],1,-151.47752461940934,-151.47752461940934,-168.60299194026265,3.900787102553295,0.0,7.0,5.0,4.0,39.919483440328023,322.69461863298591,262.7912601559716,187.30031841941781,365,1348,2145,1919,159.78956907486113,4.0
11,15,3.0,[ 162.44165638  331.28226068  205.64956284  250.37804815],1,-11.02620693218741,-11.02620693218741,173.46786331214756,1.2921778974996414,3.0,7.0,4.0,5.0,162.44165637996016,331.28226068141026,205.64956283505077,250.37804815329972,147,30,1961,854,134.64936119147123,4.0
11,16,7.0,[ 320.35557975  265.69220543   89.79504701   32.93694409],1,-10.655597727107807,-10.655597727107807,-28.988822521191551,1.5338407343224389,7.0,5.0,1.0,0.0,320.35557975170065,265.69220543296842,89.795047008917138,32.936944087299317,15,96,888,1698,188.18574150793907,4.0
11,17,2.0,[ 112.60316327  275.66969421  323.46463594  156.35188683],0,-54.784862007537257,142.14860705693118,-29.545443784875495,1.9422454090381507,2.0,6.0,7.0,3.0,112.60316327205571,275.66969420758727,323.46463593926649,156.35188683352206,1149,1803,1281,1776,83.551512563978022,4.0
11,18,3.0,[ 157.84954862   73.639702      9.53033539  205.94321621],1,10.184484852512185,10.184484852512185,147.66506376504236,1.517149302031612,3.0,1.0,0.0,4.0,157.84954861755455,73.639702003707782,9.5303353935478121,205.94321620656783,938,1453,98,386,268.31254076650333,4.0
11,19,0.0,[  22.2718494   116.38633598  212.66756048  169.40208354],1,10.440270226208506,10.440270226208506,11.831579178740521,1.4088212050119182,0.0,2.0,4.0,3.0,22.271849404949027,116.38633597952941,212.66756047656494,169.40208354304738,58,1493,11,1631,289.79153725747477,4.0
11,20,2.0,[ 131.0607713    44.90252766  349.81627158  172.48787463],0,-7.3217880390041525,78.836455605200939,52.224315694045337,2.2589404335885774,2.0,0.0,7.0,3.0,131.06077129924628,44.90252765504119,349.81627157553731,172.48787462739332,1373,195,1249,976,124.42447469107087,4.0
11,21,1.0,[  45.5419682   146.71731247  341.62475675  288.31495397],1,-18.597814056968648,-18.597814056968648,64.139782258653142,2.6006335480051348,1.0,3.0,7.0,6.0,45.541968201684497,146.71731246951418,341.62475674535682,288.31495397202656,1150,533,982,2270,77.475746588393065,4.0
11,22,3.0,[ 140.53820127  187.92424791   32.82133379  341.33326504],1,153.96257132323609,153.96257132323609,-13.424370055032281,1.9255730784061598,3.0,4.0,0.0,7.0,140.53820126820381,187.92424791461156,32.821333792648922,341.3332650362637,1604,1399,1514,801,151.17534067180031,4.0
11,23,6.0,[ 313.02327412   12.1922558   127.04868634  233.47831968],0,-9.8235829986088401,-68.992564674015824,22.01583879777564,1.4588236568670254,6.0,0.0,2.0,5.0,313.02327412375985,12.1922557991668,127.04868634444695,233.47831968082158,295,1258,1774,1231,66.811193830962964,4.0
12,0,6.0,[ 280.34855155  345.60100824  236.75333348  151.80101736],0,-13.954847323305028,-79.207304019638116,-0.44414443311192831,1.8088969844393432,6.0,7.0,5.0,3.0,280.34855154724994,345.60100824358307,236.75333347912496,151.80101735547561,1721,1172,865,1731,221.68514844714477,1.0
12,1,2.0,[ 108.2383262    63.45474658  157.4277912   235.61557639],1,-4.1670826813344757,-4.1670826813344757,112.40540888336535,2.2172503412584774,2.0,1.0,3.0,5.0,108.23832620203088,63.454746581436204,157.42779119760016,235.61557638513764,498,2028,1842,2137,141.9224121894521,1.0
12,2,4.0,[ 203.51479434  321.04464457   56.5347172     3.84583269],0,-21.027435667811133,-138.55728589483033,-17.927919762007235,2.6756588933349121,4.0,7.0,1.0,0.0,203.51479434316244,321.04464457018162,56.534717195344747,3.8458326896166435,875,485,85,1073,194.74603688184962,1.0
12,3,5.0,[ 261.87136121   99.98896085  197.26091562  341.82420769],1,3.530653868242251,3.530653868242251,-101.65929265352301,1.9672654515306931,5.0,2.0,4.0,7.0,261.87136121471923,99.988960847484108,197.260915617259,341.82420769360948,595,24,2273,1119,51.086749453776619,1.0
12,4,3.0,[ 162.14917899  287.87156179    3.80742663   45.90169343],0,-2.7908327827504618,-128.51321557745075,-69.337605427816854,1.6338553314126329,3.0,6.0,0.0,1.0,162.14917899473238,287.87156178943269,3.8074266272249329,45.901693427649761,1907,1242,2101,9,177.03813955795107,1.0
12,5,1.0,[  55.7731983   208.92440735  136.2486903   334.65608751],1,-163.97299894489123,-163.97299894489123,-140.25380275126227,1.8339204481308116,1.0,4.0,3.0,7.0,55.773198303846527,208.92440735167824,136.24869030216698,334.65608750782826,12,478,1488,1246,53.822895401768093,1.0
12,6,0.0,[  24.84342836  114.69349162  271.1298804   223.34151662],1,-3.065861923795445,-3.065861923795445,27.909290283868259,1.4671525521553122,0.0,2.0,6.0,4.0,24.843428360072814,114.69349161553622,271.12988039555711,223.34151662498581,1742,2366,903,886,228.15322302808255,1.0
12,7,5.0,[ 230.65900694   71.19968422  299.94399486  113.39771392],1,-11.443722025260906,-11.443722025260906,-117.89727103094764,1.3755133215599926,5.0,1.0,6.0,2.0,230.6590069437915,71.199684221572838,299.94399485870855,113.39771392205276,1224,2117,995,1481,311.6235024288614,1.0
12,8,1.0,[  79.37590131  196.83270313    5.73857223  287.17169795],1,-9.933821496423608,-9.933821496423608,89.309722802134928,2.4422699276037747,1.0,4.0,0.0,6.0,79.375901305711324,196.83270313248696,5.7385722266646884,287.17169795196918,46,623,2364,1204,345.19868875729094,1.0
12,9,1.0,[  60.04366304  257.90506891  174.67099164  127.03318667],1,-9.5614608743188345,-9.5614608743188345,69.60512391795163,2.5006631413125433,1.0,5.0,3.0,2.0,60.04366304363279,257.90506891071249,174.67099164323471,127.03318666542219,1664,1251,615,1165,308.76543126363492,1.0
12,10,2.0,[ 108.92433468  238.64393246   61.16927102  343.4833905 ],0,173.88151152540269,44.161913750570761,64.762420932394733,1.6838555024733068,2.0,5.0,1.0,7.0,108.92433468296549,238.64393245779743,61.169271018761584,343.48339050120364,914,1579,2221,1375,73.211892229495817,1.0
12,11,7.0,[ 338.71987801  144.61146834  288.55698751  210.15408477],1,3.9093086345498786,3.9093086345498786,-25.18943062941025,1.7338921662594657,7.0,3.0,6.0,4.0,338.71987800513966,144.61146833920645,288.55698750603432,210.15408476705878,1392,1908,1917,1544,161.77711632287745,1.0
12,12,7.0,[ 349.72717228  227.57181528   32.12939484   82.23083597],1,13.134979624611834,13.134979624611834,-23.407807349337617,3.2841001748311101,7.0,5.0,0.0,1.0,349.72717227527426,227.57181528220229,32.129394842014051,82.230835970626487,1417,36,1009,1861,164.863750606227,1.0
12,13,6.0,[ 284.74103822  120.03840359  333.61313205   19.04564258],1,-8.6667691282024162,-8.6667691282024162,-66.592192650662383,1.4254735786962556,6.0,2.0,7.0,0.0,284.74103822113517,120.03840358636072,333.61313204893571,19.045642583711992,1269,2138,2266,1024,23.085615565956484,1.0
12,14,6.0,[ 280.70550586   60.60305381  229.70420122  340.82542076],1,-1.9694021152503451,-1.9694021152503451,-77.325092022260719,1.7088424734392902,6.0,1.0,5.0,7.0,280.70550586248891,60.603053805087093,229.70420121849153,340.82542076299836,2341,1364,1056,2303,306.53413161046336,1.0
12,15,4.0,[ 220.50237764  146.16042457   44.30159025  319.48024395],1,-1.1498735739084214,-1.1498735739084214,-138.34774878313061,1.9505469347786857,4.0,3.0,0.0,7.0,220.50237764296099,146.16042456530266,44.301590254434046,319.48024395394441,1490,176,1877,133,80.532158201515855,1.0
12,16,3.0,[ 141.95405128   12.56663008  262.92767443  215.30701343],0,-2.8479754199985425,126.53944578107162,15.414605499250218,1.5255027158564189,3.0,0.0,5.0,4.0,141.95405128032183,12.566630079251677,262.92767443223647,215.30701343288126,570,1452,1829,1871,263.87175405965598,1.0
12,17,5.0,[ 250.14077489  208.80346609   72.31859595  332.01334244],1,-175.32149663722069,-175.32149663722069,65.462271523422203,1.2255053957924247,5.0,4.0,1.0,7.0,250.14077488620154,208.80346609444888,72.318595946861024,332.01334243517016,913,59,1061,889,52.395122556201869,1.0
12,18,7.0,[ 342.10557418   25.23640565  125.59643676  207.48489203],0,6.521284096107598,-36.609547370581332,18.71512155072999,2.2839365277322941,7.0,0.0,2.0,4.0,342.10557418014866,25.236405646837589,125.59643675914361,207.4848920316274,752,749,426,339,112.71053294882853,1.0
12,19,4.0,[ 209.80683275  324.38437589  156.09071327  101.78266052],1,-3.0217090435433138,-3.0217090435433138,-147.1714582085875,1.7088712684781058,4.0,7.0,3.0,2.0,209.80683274786924,324.38437588528888,156.09071326661791,101.78266051924517,424,2255,1587,366,105.21105781577293,1.0
12,20,3.0,[ 139.81312974   16.17866586  260.62331252  206.49030257],1,7.1793777345008012,7.1793777345008012,132.63375200854421,1.5088212620321428,3.0,0.0,5.0,4.0,139.81312974304501,16.17866585680158,260.62331251880187,206.49030257399804,2049,501,224,1901,312.42514824092672,1.0
12,21,0.0,[  17.18820024  220.16326364  118.24866953  170.88531059],1,-5.6886715659504299,-5.6886715659504299,22.876871804654769,1.8172159012465272,0.0,4.0,2.0,3.0,17.188200238704336,220.16326363798782,118.24866952566798,170.88531058781504,883,936,1244,1736,120.9411848736945,1.0
12,22,0.0,[  26.29788715  134.23102421  295.05801083   68.15115863],1,3.2831327285180261,3.2831327285180261,23.01475441878997,1.8922486591764027,0.0,2.0,6.0,1.0,26.297887147307996,134.2310242052167,295.05801082696195,68.151158631591542,560,1369,2040,711,89.529510592717784,1.0
12,23,2.0,[ 110.66995231  337.6739834   201.09581535   30.18845071],1,-9.8298809252659058,-9.8298809252659058,120.49983323344743,1.642217868444277,2.0,7.0,4.0,0.0,110.66995230818152,337.67398339970703,201.09581535302976,30.188450712637405,1394,1582,1955,86,227.74042024762736,1.0
