block,trial,cueposbin,cueposdeg,cuevalid,wmresptestcolordiff,wmrespcueposdiff,wmrespdeg,wmrts,imageposbin0,imageposbin1,imageposdeg0,imageposdeg1,imagenum0,imagenum1,mouseposdeg
0,0,0.0,42.068553534433129,1,-8.9374999999999911,-14.862841428778959,27.205712105654168,1.4921417487203144,0.0,6.0,42.068553534433129,300.80234700787452,40,575,214.55995190962147
0,1,6.0,270.86936237315098,1,9.1562499999999964,-109.82754577825719,161.04181659489382,2.2755817603319883,6.0,1.0,270.86936237315098,47.868835170744184,1066,637,326.32525262748317
0,2,7.0,318.53025474419343,1,6.781249999999992,87.355691849660815,45.88594659385425,1.0838921458343975,7.0,2.0,318.53025474419343,122.14218906430433,35,841,326.99037867566346
0,3,3.0,156.33190462254532,1,-2.1249999999999951,26.778936030945474,-176.88915934650925,1.5005013418267481,3.0,4.0,156.33190462254532,209.36832152766954,606,119,262.55256045842822
0,4,3.0,172.88247141745984,0,-66.531250000000014,-66.573386488235457,106.30908492922438,1.7171733730356209,3.0,2.0,172.88247141745984,115.56038870269721,721,835,158.50981137151058
0,5,4.0,205.44991587890635,1,19.875000000000011,95.337979389858731,-59.212104731234966,1.3087900599930435,4.0,5.0,205.44991587890635,260.81926246769666,354,125,242.14415964324766
0,6,6.0,287.92530732188891,0,-126.79687500000001,38.101824983171809,-33.972867694939289,1.242037617310416,6.0,7.0,287.92530732188891,346.49357450933587,907,738,255.0168277968597
0,7,0.0,14.210568822484207,1,0.35937499999997452,49.13091225380191,63.341481076286115,1.8171580633497797,0.0,4.0,14.210568822484207,207.65556201004702,175,117,155.04505737031204
0,8,7.0,333.7998837994445,1,29.640624999999993,152.54139496818851,126.34127876763301,1.3088413772638887,7.0,3.0,333.7998837994445,160.04168865360435,530,1133,115.26521858760427
0,9,2.0,132.05818739069514,1,-12.171874999999991,-88.703305842432414,43.354881548262725,1.1587866530171596,2.0,5.0,132.05818739069514,226.59947816481395,465,979,90.677316426427694
0,10,1.0,86.186584200897272,0,-101.15625,-31.353020236690153,54.833563964207116,1.6671321338508278,1.0,5.0,86.186584200897272,225.02967295919268,484,16,145.82301212936156
0,11,4.0,194.43889171554423,1,26.609374999999996,-157.32203103227394,37.116860683270275,1.0921237306320108,4.0,3.0,194.43889171554423,135.53760345910581,640,707,184.40751503320499
0,12,5.0,243.58881213165762,1,3.9374999999999978,4.4941073826514346,-111.91708048569096,1.7255301151308231,5.0,7.0,243.58881213165762,339.99524963012647,961,1122,173.4433254943184
0,13,5.0,256.56830823763778,1,42.093750000000014,124.45414476460564,21.022453002243385,1.7004804157768376,5.0,3.0,256.56830823763778,143.96145050216688,350,432,281.51503719380179
0,14,2.0,116.60989113149429,0,80.640625,40.639132525718075,157.24902365721238,1.3255808052490465,2.0,3.0,116.60989113149429,178.0343004702099,1003,686,172.63705269206474
0,15,1.0,63.551417616621954,1,114.71875000000001,-73.582995348983147,-10.031577732361185,1.0420827765483409,1.0,5.0,63.551417616621954,233.74138216042726,931,376,22.41657137906455
1,0,5.0,250.20498214505389,0,115.29687500000004,0.83683444983990685,-108.9581834051062,1.3505674983607605,5.0,4.0,250.20498214505389,206.58335046382533,602,694,254.83033364768525
1,1,1.0,47.832232035586252,1,98.265625,49.08528579262628,96.917517828212524,3.3507086210302077,1.0,6.0,47.832232035586252,301.49290389152759,878,70,341.70713847986889
1,2,2.0,98.333346278285291,1,-144.32812500000003,-147.25925398196929,-48.925907703683983,1.2589307121816091,2.0,6.0,98.333346278285291,313.05933241212165,879,973,116.68744958389081
1,3,3.0,144.28764055017874,1,17.062499999999993,-23.323884018105232,120.96375653207352,2.0338985177222639,3.0,6.0,144.28764055017874,286.54133815295228,294,27,349.30194613681869
1,4,5.0,259.07764047092945,1,12.265624999999979,42.994006138042486,-57.928353391028054,0.99207574891624972,5.0,1.0,259.07764047092945,81.932501355409343,394,680,337.26529389137067
1,5,7.0,349.66022437763428,1,9.9999999999999893,-124.36938535528364,-134.70916097764942,1.3920410241698846,7.0,6.0,349.66022437763428,283.75632791814661,1126,913,171.54509296582856
1,6,0.0,35.357262957725034,0,179.140625,4.3940764616555379,39.751339419380571,2.3005881251301616,0.0,6.0,35.357262957725034,277.43698453760265,695,804,300.49567068625362
1,7,7.0,334.98418643821111,1,12.031249999999996,-159.23627226235027,175.74791417586084,1.2587830323027447,7.0,2.0,334.98418643821111,100.3063022047621,329,1026,83.056816803063981
1,8,1.0,47.226818866477174,1,-10.4375,-131.02337096478536,-83.796552098308169,1.4088953459868208,1.0,5.0,47.226818866477174,248.56726841720234,705,10,222.26820454109682
1,9,6.0,285.45153581722553,1,9.2968749999999911,169.29498732620209,94.746523143427638,1.0087436177418567,6.0,4.0,285.45153581722553,183.37840600014255,852,719,150.66822781438395
1,10,4.0,184.40963892864011,0,-131.859375,-94.829380719975461,89.580258208664659,1.2754489054786973,4.0,2.0,184.40963892864011,119.21979875490523,279,1043,5.9802023036843721
1,11,6.0,298.8423830097189,1,14.40625,-135.30239782175897,163.53998518795996,1.2171065179863945,6.0,3.0,298.8423830097189,168.4968498742102,388,787,216.29974710415757
1,12,0.0,42.606351133887472,1,19.796874999999975,-124.59511952103145,-81.988768387143978,2.1588565016281791,0.0,6.0,42.606351133887472,299.63060229458239,755,249,130.50918636283831
1,13,3.0,163.98963653017893,0,-16.437499999999996,42.754184049663273,-153.25617942015776,1.6254864098737016,3.0,0.0,163.98963653017893,2.9851862892574461,369,378,104.64553833642614
1,14,2.0,101.01335989817018,1,12.406249999999998,-146.61329377842412,-45.59993388025395,1.6839305767789483,2.0,0.0,101.01335989817018,39.468213943761484,1019,244,268.86205485078153
1,15,4.0,200.74049961957468,1,-1.6406249999999902,-7.0134030410249348,-166.27290342145022,1.6589601341402158,4.0,1.0,200.74049961957468,76.788805961294926,436,623,303.22012499165572
2,0,0.0,30.54774946815067,1,-3.3437500000000151,67.524006898522686,98.071756366673355,1.6171673004864715,0.0,7.0,30.54774946815067,325.51306891349986,1040,215,275.41375247114854
2,1,0.0,5.4012941539271075,1,-4.437499999999992,115.30420884274272,120.70550299666982,1.308776090212632,0.0,1.0,5.4012941539271075,62.099855859665496,692,1106,357.70989417821789
2,2,1.0,69.466728731470909,1,24.640624999999996,29.749991516920499,99.216720248391397,1.200440929911565,1.0,0.0,69.466728731470909,13.23582256311035,221,386,301.87901944013447
2,3,1.0,85.452328139837022,0,88.140624999999986,14.422434067243364,99.874762207080394,0.7837256781058386,1.0,0.0,85.452328139837022,1.3082406303143401,90,347,22.543642299715657
2,4,4.0,190.82564237134264,1,-9.046875000000032,-129.02452614497966,61.801116226362986,1.0337616714532487,4.0,0.0,190.82564237134264,24.942689681441998,586,2,133.91223319912393
2,5,3.0,179.72345786890705,1,21.390624999999996,-125.9660545275255,53.757403341381568,2.9006850008736365,3.0,5.0,179.72345786890705,256.33841992152423,485,496,171.4976918046614
2,6,7.0,328.93975625613831,1,-28.515625,-75.19996096445027,-106.26020470831196,1.975543015752919,7.0,1.0,328.93975625613831,46.209097001270806,247,734,125.27383359145345
2,7,6.0,308.92626261598667,0,144.71875,91.675032029017828,40.601294645004472,1.7254756617476232,6.0,5.0,308.92626261598667,227.06560556983234,663,482,274.51479511160869
2,8,4.0,180.56328200951779,1,30.562500000000046,-112.24557362276271,68.317708386755072,1.4671302522183396,4.0,0.0,180.56328200951779,20.407106848257243,634,729,198.52286939478603
2,9,3.0,179.5999792367974,0,-67.437499999999972,34.49235896770449,-145.90766179549811,0.96707451593829319,3.0,2.0,179.5999792367974,102.14493687552462,478,591,175.16699600538792
2,10,5.0,225.60386193135352,0,121.56250000000003,-97.970631189523417,127.6332307418301,1.4254793964792043,5.0,3.0,225.60386193135352,152.70605339804467,63,1119,265.38613782654011
2,11,6.0,299.87330734048658,1,-4.281250000000008,22.634039326463125,-37.492653333050349,2.6589652658440173,6.0,1.0,299.87330734048658,69.345328163616472,504,140,11.31419798743099
2,12,7.0,350.25885344660941,1,14.828124999999996,111.76525535608017,102.02410880268958,1.0420987419201992,7.0,4.0,350.25885344660941,221.38414246075433,934,531,279.3964069904012
2,13,2.0,116.41818971407606,1,-2.1406249999999973,18.438212141692745,134.85640185576881,1.1337916921474971,2.0,5.0,116.41818971407606,237.34678175240299,275,363,168.89517145621286
2,14,5.0,249.1679247657307,1,-11.703124999999964,1.4369518446809295,-109.39512338958835,1.3754755049594678,5.0,4.0,249.1679247657307,181.60750726095728,336,725,133.38110057174296
2,15,2.0,127.64292243492963,1,13.531250000000004,-49.394509493202953,78.248412941726684,1.2172171353013255,2.0,5.0,127.64292243492963,261.06717002805658,38,642,73.597848959020652
3,0,6.0,305.48218984871954,1,5.0468750000000018,-177.48345740621485,127.99873244250468,1.3338007011334412,6.0,5.0,305.48218984871954,255.23211064084398,460,220,199.47085874960311
3,1,5.0,249.76173619931839,1,12.890625000000016,-156.95325132197243,92.80848487734599,1.0087578725651838,5.0,4.0,249.76173619931839,201.71682375628731,330,1076,294.21511980487412
3,2,4.0,188.50179386329475,0,62.281249999999972,-97.456366472231451,91.045427391063313,1.2004332323558629,4.0,2.0,188.50179386329475,90.933769253787233,960,977,114.71615926914984
3,3,5.0,250.77213747412301,1,6.7968750000000062,78.631853058814343,-30.596009467062682,1.367108499398455,5.0,2.0,250.77213747412301,96.554521176472647,1138,813,207.27161727804275
3,4,0.0,25.41792032755308,1,3.359375000000004,-60.532666916323116,-35.114746588770032,1.53379944676999,0.0,3.0,25.41792032755308,141.68305652448825,87,66,346.53363089368673
3,5,1.0,85.248957613601561,1,28.203124999999993,73.744252955626578,158.99321056922815,1.3087715286528692,1.0,5.0,85.248957613601561,251.06163023338692,862,600,130.91383011569326
3,6,3.0,145.42917015331443,0,141.671875,129.96014160665899,-84.61068824002659,1.7421509430860169,3.0,6.0,145.42917015331443,311.79826493779086,232,815,148.12976824850654
3,7,0.0,42.938331923515449,1,-10.578124999999993,-26.044601744317326,16.893730179198123,1.0170872454182245,0.0,7.0,42.938331923515449,343.7144002520231,579,364,23.969452439187066
3,8,2.0,94.73200599837115,1,-108.82812499999999,4.3499635744576173,99.081969572828768,1.2004454914713278,2.0,3.0,94.73200599837115,145.17119115348544,173,938,231.6740153478477
3,9,2.0,95.635235480567587,0,125.39062499999999,-108.90003841168298,-13.264802931115389,0.80048734357114881,2.0,5.0,95.635235480567587,251.39277458899187,555,1149,45.198446027049755
3,10,1.0,61.751271349884775,1,11.281249999999998,-111.33737024605564,-49.58609889617086,1.3754609650350176,1.0,5.0,61.751271349884775,256.82342822164264,421,1127,174.02060720501811
3,11,3.0,135.32666687298257,1,3.4062499999999867,-175.90459456189549,-40.577927688912915,0.93374790134839714,3.0,7.0,135.32666687298257,352.94629221703588,822,396,275.93744523950659
3,12,6.0,305.60138324481693,1,0.93750000000000533,-119.84998115445092,-174.24859790963399,1.7255016055423766,6.0,3.0,305.60138324481693,158.54759729665778,855,557,78.955658163046806
3,13,4.0,203.27928915716183,0,106.34375,14.078566424349333,-142.64214441848881,1.8922025312785991,4.0,5.0,203.27928915716183,248.80081647420371,1033,381,81.543848693995997
3,14,7.0,324.01811877220194,1,-18.578125000000004,-93.263553441099745,-129.24543466889781,1.6921621615765616,7.0,1.0,324.01811877220194,45.750855279603122,993,603,242.58385230111637
3,15,7.0,341.16352167787625,1,9.3281249999999947,142.81679554108925,123.98031721896547,1.6755039860727265,7.0,3.0,341.16352167787625,151.10969477023869,830,1079,96.833665328316926
4,0,6.0,306.45099801867588,1,-106.74999999999997,-132.52345442588356,173.92754359279232,1.6004940147977322,6.0,5.0,306.45099801867588,229.79329603569153,1069,486,227.7865187608254
4,1,2.0,111.27423386170163,1,-8.4218749999999929,-86.182704152027796,25.091529709673839,1.1504638373735361,2.0,4.0,111.27423386170163,217.28751311034469,78,235,81.897401449493685
4,2,3.0,165.69603521539892,1,-11.968750000000012,1.0511152419922154,166.74715045739111,0.91710084455553442,3.0,4.0,165.69603521539892,222.34758038216273,328,102,334.38743281285315
4,3,1.0,56.073064951141887,0,97.640625000000057,119.6377817200391,175.71084667118097,1.2087728686747141,1.0,4.0,56.073064951141887,183.17427334307263,724,561,291.22509880183998
4,4,0.0,18.495351658105957,1,17.187499999999986,156.96999227562222,175.46534393372818,1.5421752903494053,0.0,3.0,18.495351658105957,171.30868744080203,562,573,194.07136357858082
4,5,5.0,227.21399712867682,0,-46.609375000000007,69.719510573738887,-63.066492297584318,2.0505512764211744,5.0,3.0,227.21399712867682,172.85987496508858,893,435,324.69823618046831
4,6,3.0,166.91885678252231,1,4.078124999999992,-6.7910326017662062,160.12782418075611,1.9088709703064524,3.0,2.0,166.91885678252231,125.40744563465992,947,510,258.7297594755529
4,7,1.0,50.469652297119204,1,129.390625,50.226858438658915,100.69651073577812,1.5255958013585769,1.0,5.0,50.469652297119204,241.93642377245058,501,710,326.69773529928528
4,8,4.0,219.74994501206328,0,109.67187499999999,20.531662722631555,-119.71839226530517,1.3338135305093601,4.0,3.0,219.74994501206328,140.66069334933377,387,1009,38.699683418774818
4,9,0.0,1.0324609616056923,1,-2.1718750000000018,-15.16706618614333,-14.134605224537637,1.083773830847349,0.0,5.0,1.0324609616056923,247.78822896289853,307,903,330.34904209932182
4,10,4.0,220.74058142733116,1,9.4843749999999929,162.00434914366159,22.744930570992718,1.6088305150624365,4.0,6.0,220.74058142733116,277.3480396706301,670,1007,329.39691410861894
4,11,7.0,347.37313576701524,1,29.937500000000007,149.63139826509067,137.00453403210591,1.2254213509149849,7.0,0.0,347.37313576701524,42.534084772532772,532,970,332.20191586425267
4,12,2.0,111.85290932267776,1,-6.1875,-117.37364232460797,-5.5207330019302008,1.1921069954987615,2.0,0.0,111.85290932267776,33.655329762160157,1131,685,167.94555362772311
4,13,6.0,306.50920465389839,0,27.640624999999993,7.6048487522473724,-45.88594659385425,1.2421294183004647,6.0,0.0,306.50920465389839,4.236642789780146,956,1120,3.6461858723518947
4,14,7.0,335.62988779155654,1,0.46875000000000266,139.89696800544183,115.52685579699835,0.95042289752746001,7.0,3.0,335.62988779155654,149.57233083750424,143,932,255.07024635336307
4,15,5.0,237.02352486459495,1,16.375000000000025,14.801369336094965,-108.17510579931007,0.92544105107663199,5.0,6.0,237.02352486459495,300.99688308658534,142,881,258.03988861395914
5,0,5.0,241.69308096166242,0,-102.4375,-0.45020185896483533,-118.75712089730241,2.250602479733061,5.0,3.0,241.69308096166242,162.31862195061305,379,847,238.34342693310899
5,1,6.0,285.11708965061143,1,26.906250000000011,-68.367476879516957,-143.25038722890551,1.5421356619335711,6.0,3.0,285.11708965061143,139.90774857074399,195,61,161.15109356836308
5,2,6.0,289.52790596083253,1,15.281249999999996,45.259474450926724,-25.212619588240766,1.6421454407391138,6.0,5.0,289.52790596083253,246.89030101692055,367,895,59.841822759291439
5,3,7.0,318.49098690258,1,39.859375,-145.39629320117388,173.09469370140616,1.617167585529387,7.0,6.0,318.49098690258,276.91376765755518,669,236,284.40507278969642
5,4,4.0,200.68680836902041,1,-4.5781250000000107,-67.807904765681883,132.87890360333853,1.2004423553589731,4.0,6.0,200.68680836902041,280.27901600868921,370,837,136.54344383400115
5,5,2.0,124.89146271009213,1,0.85937499999999423,139.33421138724461,-95.774325902663278,1.3087906301370822,2.0,3.0,124.89146271009213,170.94076819211014,206,565,192.21263933314921
5,6,3.0,140.19816149715135,1,3.1875000000000182,-173.49425639487481,-33.296094897723471,1.2422460226807743,3.0,4.0,140.19816149715135,211.58415475549316,1027,1041,144.48998524744232
5,7,5.0,263.54651311694317,0,157.82812500000006,-51.27086880236552,-147.72435568542238,1.3754946063854732,5.0,4.0,263.54651311694317,184.72940444610083,971,77,168.69404715579921
5,8,0.0,6.8501962470720992,0,81.921875,-19.050664974452886,-12.200468727380786,1.6420835748431273,0.0,4.0,6.8501962470720992,193.80972367798353,554,135,355.55705500826315
5,9,4.0,221.20337772805868,1,-8.1874999999999893,-140.833329005823,80.370048722235666,1.2254444436985068,4.0,1.0,221.20337772805868,86.724752067912647,978,1136,209.743978518185
5,10,1.0,75.346037808601977,1,24.093750000000007,15.295306070340565,90.64134387894255,0.90040247037541121,1.0,7.0,75.346037808601977,354.96897426377438,201,863,195.97087885168114
5,11,2.0,106.12267464156321,1,-20.484374999999968,-31.812667570647079,74.310007070916129,1.0004182362463325,2.0,3.0,106.12267464156321,168.46202424312099,607,773,52.77826937521489
5,12,1.0,62.067897929382895,1,11.562500000000005,-13.330268385972786,48.737629543410108,1.0670922774006613,1.0,2.0,62.067897929382895,121.09078058489641,274,999,342.26190850689841
5,13,3.0,136.43228914396539,0,162.42187500000003,148.94891249188086,-74.618798364153733,1.8421210935339332,3.0,4.0,136.43228914396539,186.31159088367963,161,533,57.159948817702968
5,14,0.0,12.388623702189662,1,-60.640625,-173.95367487926765,-161.56505117707798,1.4338050631340593,0.0,2.0,12.388623702189662,92.196817053056961,116,857,98.134408485604396
5,15,7.0,331.90627927585916,1,41.374999999999993,119.57335649503764,91.479635770896806,1.0004188064485788,7.0,1.0,331.90627927585916,73.172853206535621,904,780,3.5885808742276826
6,0,3.0,155.7252902199005,0,127.296875,-54.6991986344879,101.02609158541262,1.1504410296911374,3.0,7.0,155.7252902199005,336.64951873787862,164,1081,136.17727886487819
6,1,1.0,83.721242514757265,1,16.124999999999989,170.94879130090331,-105.32996618433945,0.88374543521786109,1.0,7.0,83.721242514757265,344.02736387840088,138,951,200.97635557346743
6,2,1.0,57.859072546228354,1,126.390625,-179.42592027268242,-121.56684772645406,1.0754102464416064,1.0,2.0,57.859072546228354,103.08509024000504,595,542,181.0301479703046
6,3,2.0,99.913999860873417,1,33.843749999999986,16.018473776088015,115.93247363696145,1.03374998254003,2.0,1.0,99.913999860873417,48.298346950018683,767,180,137.63271128317061
6,4,4.0,209.85619660003107,0,57.328125,-112.98868763870816,96.867508961322912,1.175424016546458,4.0,3.0,209.85619660003107,141.24201542481603,1020,289,27.449397679048101
6,5,0.0,25.553824039712513,0,-3.0781250000000031,1.3919243887922341,26.94574842850475,2.2922439272515476,0.0,5.0,25.553824039712513,259.18265157179491,171,754,220.82412814941057
6,6,7.0,318.0609626591704,1,123.68749999999997,-112.63408848958065,-154.57312583041022,2.1088346489705145,7.0,0.0,318.0609626591704,22.810631014908914,410,742,353.66457966911452
6,7,5.0,242.5854485820131,1,31.156249999999975,90.176594173238186,-27.23795724474877,1.1504370383336209,5.0,0.0,242.5854485820131,21.473715909410739,296,1143,36.855648144028045
6,8,7.0,332.58384024218122,0,-79.9375,-121.89488150478765,-149.31104126260641,1.5170873880269937,7.0,5.0,332.58384024218122,269.91378380439789,843,494,340.08702745379014
6,9,4.0,194.55530742603997,1,-7.1250000000000151,-121.33182171367783,73.223485712362177,0.91706720320507884,4.0,6.0,194.55530742603997,281.1396871068207,365,498,144.45520425889774
6,10,2.0,127.96344895950915,1,19.578124999999996,142.23972671195725,-89.796824328533631,0.99208686768542975,2.0,6.0,127.96344895950915,294.57312456641552,737,273,342.48523343479263
6,11,3.0,149.72705941508994,1,-8.7500000000000178,90.204357763047653,-120.06858282186245,1.258791585220024,3.0,0.0,149.72705941508994,32.001419091714503,584,660,334.00293022134002
6,12,6.0,291.8207090639375,1,-5.7187499999999938,-51.752220904445274,-119.9315118405078,1.7338720322586596,6.0,5.0,291.8207090639375,225.56635137665771,480,570,41.633924554524583
6,13,6.0,314.24307114314848,1,11.515625,47.411220763258726,1.6542919064072075,1.1671610711491667,6.0,0.0,314.24307114314848,8.3724793698099571,986,527,257.53849903802609
6,14,0.0,20.044868725932059,1,3.5781250000000226,-76.294742752857616,-56.249874026925561,1.3170977655099705,0.0,3.0,20.044868725932059,160.93748924870215,106,860,259.92332181915799
6,15,5.0,262.81961980591905,1,1.8437499999999998,-69.840559836729966,-167.02094003081095,1.7338552115834318,5.0,0.0,262.81961980591905,0.42472015201959756,697,995,123.33766676128104
7,0,3.0,156.9056077467886,1,-32.609375000000007,163.47279780231187,-39.621594450899551,0.83374924131203443,3.0,0.0,156.9056077467886,12.457604682078047,182,292,234.17295411491938
7,1,2.0,94.049492430751982,0,-153.17187500000003,-7.0177264606237033,87.031765970128291,1.6087680790224113,2.0,0.0,94.049492430751982,25.798773943980841,30,319,1.3075783412970621
7,2,3.0,171.91074250906792,1,5.3125,-92.139750796427464,79.770991712640466,1.2837546153459698,3.0,6.0,171.91074250906792,299.02173855673954,630,826,230.19839216627517
7,3,7.0,321.72260619994734,1,6.3749999999999849,-75.279807887094421,-113.5572016871471,1.0170769819524139,7.0,3.0,321.72260619994734,155.44524222482931,429,687,113.50296313433454
7,4,6.0,291.82996837779808,1,-13.109374999999995,10.436540767929491,-57.733490854272439,1.1920913151698187,6.0,1.0,291.82996837779808,72.353151360638122,96,868,324.3786591990314
7,5,5.0,251.47462076036666,1,-0.62500000000001199,-58.64391862520268,-167.16929786483601,1.6588432446587831,5.0,0.0,251.47462076036666,41.717324723499459,605,118,44.242927436050508
7,6,4.0,200.48569422224494,1,14.437500000000005,-8.1851553432468229,-167.69946112100192,1.2587875938625075,4.0,6.0,200.48569422224494,299.75302763878869,1064,546,20.229744793095428
7,7,7.0,316.77384588444295,0,-63.015624999999979,135.32396270174922,92.097808586192158,3.4507206806447357,7.0,0.0,316.77384588444295,20.971882820171942,696,834,108.64925051067247
7,8,2.0,130.15500986639387,1,95.984375000000014,173.59201169600902,-56.252978437597115,1.1670809590723366,2.0,1.0,130.15500986639387,72.089998529185422,1016,447,260.3230841055335
7,9,5.0,260.61733837455694,0,-74.937500000000014,-27.813239782613032,-127.19590140805607,0.96709219185868278,5.0,4.0,260.61733837455694,218.71998706242081,258,101,170.6846842654636
7,10,0.0,33.154064698369069,1,-6.3750000000000107,-46.070000161671544,-12.915935463302462,1.0670956985559314,0.0,7.0,33.154064698369069,343.82819589633374,107,612,268.86022793205262
7,11,6.0,284.18752820157204,1,16.375000000000025,-85.687247845375595,-161.49971964380359,1.10876366001321,6.0,7.0,284.18752820157204,346.23261859987178,64,344,37.843210156237447
7,12,1.0,86.813941514174971,0,97.296875000000057,-91.57758320490116,-4.7636416907261765,1.2254815062624402,1.0,7.0,86.813941514174971,332.61004829817693,169,69,102.7254723326979
7,13,0.0,4.6410750273937209,1,-3.5156250000000133,51.199230426936843,55.840305454330569,2.0255737063707784,0.0,4.0,4.6410750273937209,181.51047010067924,282,345,202.69893213983613
7,14,1.0,47.136606705789447,1,-49.874999999999993,85.435848767388407,132.57245547317785,4.0508323813555762,1.0,5.0,47.136606705789447,234.67624886242021,552,437,325.58030649059054
7,15,4.0,189.15426745511243,1,14.609375000000002,73.27878836655448,-97.566944178333088,0.77539117343258113,4.0,5.0,189.15426745511243,229.38096174249347,320,431,275.94762840247745
8,0,4.0,185.31777489093105,1,-7.3125000000000178,72.153417399917458,-102.52880770915152,1.3921522117452696,4.0,5.0,185.31777489093105,247.29461306151882,587,730,198.38392389543753
8,1,5.0,246.23028819516713,1,24.937499999999989,99.683732429682536,-14.085979375150359,1.4005574202165008,5.0,3.0,246.23028819516713,144.77914097989117,461,46,174.12604794998217
8,2,0.0,13.926553434827875,1,4.3437499999999787,38.785338977831003,52.711892412658877,1.0587580578867346,0.0,3.0,13.926553434827875,153.28821862431272,538,412,37.760618254243134
8,3,2.0,107.0849087357158,1,-5.9531250000000027,128.6515115666993,-124.2635796975849,1.3587948068161495,2.0,0.0,107.0849087357158,23.837965599912408,368,1025,141.13373326815488
8,4,4.0,211.14504651886512,1,7.5000000000000044,85.04613864628358,-63.808814834851297,1.4672334570786916,4.0,7.0,211.14504651886512,355.20767002009086,688,53,75.974295932290985
8,5,6.0,276.77153215128419,0,99.234375,49.828063069832176,-33.400404778883647,1.9255086188786663,6.0,1.0,276.77153215128419,45.005463089235548,287,7,195.39696240188277
8,6,3.0,139.81767556974503,1,-39.828125000000007,-29.0656643609517,110.75201120879335,2.2755398511653766,3.0,2.0,139.81767556974503,98.739319098502421,814,1071,3.5975627436233637
8,7,1.0,58.96995467978995,1,54.062500000000007,-4.9823173815814732,53.987637298208483,1.7671772646135651,1.0,4.0,58.96995467978995,202.3208271183866,190,574,195.35283481945498
8,8,1.0,65.64517215766061,0,-139.34375,170.4911372735211,-123.86369056881828,2.3756075045093894,1.0,2.0,65.64517215766061,120.51061332903765,1013,467,37.712217413056457
8,9,7.0,358.13611477115359,1,10.687499999999982,42.076886107896421,40.213000879049979,1.7421706147142686,7.0,5.0,358.13611477115359,251.98854387772045,882,5,42.786465764890259
8,10,7.0,342.38862747507795,0,126.89062500000004,108.85673679169042,91.245364266768362,2.4922643401077949,7.0,1.0,342.38862747507795,69.24734411521078,158,67,221.50085435581471
8,11,3.0,157.56905974222852,1,-5.8750000000000027,73.286953843200436,-129.14398641457103,1.0337528334930539,3.0,6.0,157.56905974222852,272.4806135479742,717,1061,32.237837920705779
8,12,0.0,20.724446464453134,1,17.593749999999993,12.797926575939112,33.522373040392246,0.85042423754930496,0.0,4.0,20.724446464453134,215.89271439297852,382,864,163.63246544035317
8,13,6.0,311.70950309573902,1,-6.9531249999999902,5.2850662055028366,-43.005430698758168,0.87542461528209969,6.0,5.0,311.70950309573902,255.27215710701407,920,1135,81.826578209126382
8,14,5.0,255.37425979083653,0,3.4999999999999858,66.805134061048918,-37.820606148114535,1.3421189552755095,5.0,7.0,255.37425979083653,359.08596713252035,599,712,237.00406983745205
8,15,2.0,126.0444314775666,1,-16.796875000000007,-5.4884672020588159,120.55596427550779,1.7588333517778665,2.0,1.0,126.0444314775666,53.577242155418034,824,332,5.9072993330966783
9,0,1.0,50.337749446317346,0,-120.828125,-46.736471329093902,3.6012781172234405,0.96705969091271982,1.0,3.0,50.337749446317346,148.48716674442628,613,668,327.41596926427434
9,1,2.0,121.3432695420382,1,-2.1249999999999951,2.5684439944010258,123.91171353643924,1.5838218695716932,2.0,6.0,121.3432695420382,295.54018048015593,1018,434,344.1904789734744
9,2,4.0,218.01086575893956,1,-17.843750000000004,38.003775111011059,-103.98535913004937,1.1921007233904675,4.0,1.0,218.01086575893956,82.133726262175216,865,827,240.38100913162663
9,3,0.0,1.3600839941555725,1,-149.296875,-12.952259404446645,-11.592175410291071,3.4758214122266509,0.0,5.0,1.3600839941555725,233.55628998339145,906,1130,194.71098694291391
9,4,5.0,249.908260127576,1,18.359374999999979,35.894253826359581,-74.197486046064483,1.2337592766853049,5.0,0.0,249.908260127576,11.068007778524587,614,924,327.31412392799302
9,5,1.0,73.725498621690861,0,-161.71875,-132.13137386282742,-58.40587524113657,1.3005958227440715,1.0,3.0,73.725498621690861,171.91299652109393,766,846,215.23788452993617
9,6,7.0,322.88691731761014,1,5.7968750000000044,-155.34754285405154,167.53937446355863,1.4171263606403954,7.0,1.0,322.88691731761014,50.852368863366571,17,690,152.19842842064327
9,7,6.0,288.58747235395117,1,-52.531249999999993,2.1434831188753831,-69.269044527173421,1.4504678001976572,6.0,3.0,288.58747235395117,144.27756719913253,722,708,126.13370831510731
9,8,5.0,268.41131845726312,1,2.312499999999996,-55.413613356046824,-147.00229489878373,1.3421021346002817,5.0,7.0,268.41131845726312,340.02391941717673,1109,404,225.34286851522623
9,9,3.0,174.8084800829196,0,85.078124999999986,-128.60874384479825,46.199736238121375,1.8505482543841936,3.0,5.0,174.8084800829196,241.45413212601781,56,335,328.12528177174511
9,10,3.0,173.99625351130294,1,-17.234375000000007,-61.880682515350486,112.11557099595247,2.0922135359724052,3.0,2.0,173.99625351130294,113.26210297981727,1144,130,22.1065422270709
9,11,2.0,125.45043681553706,1,-5.0937500000000071,-100.42058342372161,25.02985339181545,1.1171221127151512,2.0,4.0,125.45043681553706,184.00456657213115,229,9,255.03317762719371
9,12,7.0,328.8042882220571,1,-30.468749999999975,179.81425343938403,148.61854166144107,1.3087786560645327,7.0,3.0,328.8042882220571,161.92182366846049,798,172,280.99624348509747
9,13,6.0,291.84653995135579,1,49.625000000000007,-114.79298733136817,177.05355261998767,1.4004909927607514,6.0,7.0,291.84653995135579,345.09337978806087,73,357,102.42970908958746
9,14,4.0,222.53083055336657,0,90.156250000000014,69.072735176793643,-68.396434269839801,0.85875617625424638,4.0,5.0,222.53083055336657,268.59470464974692,226,420,278.22614694863518
9,15,0.0,5.238551434165303,1,6.5625000000000115,33.453590777842784,38.692142212008093,1.1337703099125065,0.0,6.0,5.238551434165303,276.18230999177626,991,418,350.02470269903608
10,0,7.0,320.94050349712819,0,140.65625,116.71396135381967,77.654464850947804,1.7338449481176212,7.0,4.0,320.94050349712819,219.95912430679098,645,395,18.837779574827035
10,1,3.0,159.50082448397799,0,-92.437500000000014,-56.05220943229147,103.44861505168652,1.3672290950780734,3.0,1.0,159.50082448397799,49.231798274851229,673,700,47.098422006858293
10,2,5.0,230.22069817482887,1,-6.6718750000000018,-63.401844246488629,166.81885392834025,1.0504212725209072,5.0,0.0,230.22069817482887,14.398577391847459,701,671,235.72213005751561
10,3,0.0,43.959644389488275,1,-29.203125000000007,-12.51995942125567,31.439684968232605,1.1921221056254581,0.0,3.0,43.959644389488275,144.10298971933139,203,833,123.53953348537233
10,4,6.0,298.53140934878201,1,26.718750000000011,1.4368945659818013,-60.031696085236199,0.95040123024955392,6.0,4.0,298.53140934878201,180.60919881925651,240,191,37.562327439484477
10,5,3.0,159.63331371298972,1,8.0781249999999982,-13.8354450783874,145.79786863460231,1.7005117763765156,3.0,5.0,159.63331371298972,251.34759284092024,288,556,329.94967288272062
10,6,1.0,69.260236540309222,1,22.906250000000007,8.8511054200628045,78.11134196037203,0.82539991172961891,1.0,3.0,69.260236540309222,178.15100127141508,848,982,216.4513779249564
10,7,5.0,262.60793321868317,1,-86.125,111.57636102958764,14.184294248270815,7.3513523684232496,5.0,4.0,262.60793321868317,204.53847563152817,243,590,171.09693498866696
10,8,6.0,273.72188148588816,1,-105.73437500000001,-121.64164791399678,152.08023357189137,1.3171200029901229,6.0,4.0,273.72188148588816,205.8741174559824,1037,618,23.92005569765508
10,9,0.0,16.61937298366438,0,103.82812500000001,56.339622536750454,72.958995520414817,1.2504781777388416,0.0,7.0,16.61937298366438,324.69484447179917,1052,208,289.66087506772772
10,10,2.0,110.38405369876622,1,7.796875000000008,16.935373649356116,127.31942734812233,1.1337680291617289,2.0,7.0,110.38405369876622,327.71736989708711,462,316,258.52477622392132
10,11,4.0,208.77142632961949,1,-10.906249999999991,46.283750835137788,-104.94482283524275,1.5921301452908665,4.0,1.0,208.77142632961949,51.852592773900888,327,972,175.91770022019762
10,12,2.0,132.87048712187436,0,112.57812500000004,-74.450303562347116,58.420183559527253,0.81707139406353235,2.0,4.0,132.87048712187436,196.66583465863366,545,371,355.28485865928519
10,13,4.0,187.20992701316257,1,-59.078125000000021,-151.1673477421333,36.042579271029268,1.2671166816726327,4.0,5.0,187.20992701316257,248.74345220468021,1085,681,46.553422586366281
10,14,1.0,67.379919549268891,1,0.70312499999999756,100.59597164804154,167.97589119731043,1.0337539738393389,1.0,0.0,67.379919549268891,8.2373059835050544,214,627,180.41759040171473
10,15,7.0,352.01950280212515,1,24.765625000000014,-121.69126802014532,-129.67176521802017,1.5088158897124231,7.0,0.0,352.01950280212515,32.120835004398522,726,699,234.8502759781816
11,0,6.0,314.64390617801405,0,45.218749999999979,145.28233932863765,99.926245506651711,1.3921393824275583,6.0,5.0,314.64390617801405,260.08620068659519,785,836,267.03422141197018
11,1,3.0,179.79688554220789,1,-42.312500000000028,-142.49293726422445,37.30394827798343,0.85039943410083652,3.0,6.0,179.79688554220789,282.74384256446325,682,914,172.20328703568609
11,2,7.0,324.16720327838118,1,49.406250000000014,19.489914178176949,-16.342882543441867,1.3338007011916488,7.0,1.0,324.16720327838118,67.937589672183279,260,950,163.86991372989661
11,3,0.0,15.286138304057493,1,-11.078125000000014,27.699262908071937,42.985401212129425,1.183749683201313,0.0,1.0,15.286138304057493,66.086114164451971,1045,481,30.656516188293143
11,4,2.0,110.90831107326244,1,171.53124999999997,-1.1973483859205525,109.71096268734189,1.242147094279062,2.0,6.0,110.90831107326244,310.5313161336897,1083,886,60.687664799875243
11,5,0.0,44.795171633585475,1,-27.203125000000004,122.30154377054021,167.09671540412566,1.1754385564709082,0.0,5.0,44.795171633585475,228.12829878058616,728,564,309.02777358287221
11,6,5.0,254.65324627838936,1,6.781249999999992,-136.28419998511077,118.3690462932786,1.2754491905798204,5.0,1.0,254.65324627838936,69.419862560267603,1102,94,45.688692143495906
11,7,1.0,59.525038599103297,1,-27.437500000000014,129.93728360892231,-170.5376777919744,1.6420696051209234,1.0,7.0,59.525038599103297,321.749871277929,750,656,323.54085823539168
11,8,1.0,82.83408338758187,0,149.921875,-67.876921084458033,14.957162303123846,2.617360595788341,1.0,0.0,82.83408338758187,25.785437654841221,441,1063,274.13542476069694
11,9,6.0,301.87305064674598,0,-149.4375,-83.634289156783197,-141.76123851003723,0.95041462976951152,6.0,0.0,301.87305064674598,10.269821662660954,1035,784,341.85675687096773
11,10,3.0,175.36380865465733,1,-70.046875000000014,122.03022328276018,-62.605968062582491,2.6922385674552061,3.0,2.0,175.36380865465733,128.03836928211294,1021,892,0.93764904088857737
11,11,4.0,194.42135212156296,1,8.6406250000000249,-83.223430831964933,111.19792128959803,1.3004478577058762,4.0,1.0,194.42135212156296,50.08567372908211,744,788,181.4923428759372
11,12,5.0,247.39698047191024,1,3.1406250000000115,-50.737566457091788,-163.34058598518155,1.1170964540215209,5.0,4.0,247.39698047191024,204.06688441147099,888,1150,188.24831842382386
11,13,7.0,357.35822105258859,0,89.562500000000014,174.75216113913166,172.11038219172022,0.97534287814050913,7.0,1.0,357.35822105258859,80.802830705130276,261,324,207.46269942027064
11,14,2.0,117.18465276443297,1,8.1874999999999893,49.586744079674133,166.7713968441071,1.2004206880810671,2.0,1.0,117.18465276443297,52.489974790730898,743,155,65.652318926677594
11,15,4.0,197.7625338482508,1,-5.7343749999999964,-7.1916098208283135,-169.42907597257755,1.7338224255363457,4.0,5.0,197.7625338482508,261.83846355765502,31,985,24.831571703001103
12,0,7.0,340.52209267423336,1,28.296875000000004,35.229080989219668,15.751173663453025,1.2004360833088867,7.0,0.0,340.52209267423336,29.528333773907097,211,593,206.83512615045771
12,1,6.0,291.42812981398055,1,-13.031249999999973,-77.443938693416342,-146.01580887943578,1.0087527408613823,6.0,7.0,291.42812981398055,342.25305644181026,82,293,178.59614362060424
12,2,1.0,55.911645318583297,1,108.484375,-15.264348451819297,40.647296866764002,1.2338681834517047,1.0,3.0,55.911645318583297,167.97431992144311,713,174,274.42244057574402
12,3,5.0,232.8367247011098,0,-144.32812500000003,-25.798165465296886,-152.96144076418707,2.9840157920843922,5.0,1.0,232.8367247011098,62.873450656443524,253,97,213.02454107946991
12,4,7.0,350.56685326476151,1,-12.234375,-105.25402699455415,-114.68717372979266,1.3504163973848335,7.0,5.0,350.56685326476151,240.06875255715133,137,831,266.27981902166277
12,5,2.0,100.26160882798328,1,1.3281250000000033,-171.56563320269581,-71.304024374712526,1.2504428257816471,2.0,7.0,100.26160882798328,351.78972760107303,698,731,166.40769807428686
12,6,1.0,49.98312115878872,1,3.9218750000000009,-113.68622299815419,-63.703101839365466,1.2754805511212908,1.0,3.0,49.98312115878872,178.76325953402582,803,1015,12.641442803973728
12,7,4.0,198.91793347316195,0,-117.42187499999999,98.194512954793822,-62.887553572044261,1.3171316919615492,4.0,2.0,198.91793347316195,90.90159357483931,589,113,163.09631694476101
12,8,0.0,34.181956875975068,0,84.234375,137.51673875096392,171.69869562693899,1.1088161177467555,0.0,3.0,34.181956875975068,136.93185627657488,901,1047,308.65167044014248
12,9,6.0,300.868154994402,1,24.468749999999996,-95.53203270729388,-154.66387771289189,1.6088293747743592,6.0,5.0,300.868154994402,260.02775842934119,883,873,342.41542552189918
12,10,4.0,217.43325934008237,1,24.453125000000007,8.8524649922764684,-133.71427566764118,1.0920920849312097,4.0,2.0,217.43325934008237,108.04698963928247,984,704,260.8372925766102
12,11,3.0,166.39496777555073,1,22.312500000000004,-115.87698966978593,50.51797810576479,1.9088658385444432,3.0,2.0,166.39496777555073,122.53750316413374,474,967,234.6091432740254
12,12,2.0,110.26304351608199,0,134.703125,12.256690796063781,122.51973431214576,1.2588015635847114,2.0,5.0,110.26304351608199,242.07244950889793,667,248,18.599603573288572
12,13,3.0,178.43324733600303,1,-31.859374999999986,-145.34339935218173,33.089847983821322,0.95052040048176423,3.0,5.0,178.43324733600303,248.32953077673781,1117,926,38.914500565002186
12,14,5.0,235.97723819719215,1,1.1718749999999876,-64.360486678121489,171.61675151907065,1.0004259338020347,5.0,6.0,235.97723819719215,310.1172243334031,1042,543,129.07625792969739
12,15,0.0,18.209413879988311,1,18.296875000000018,101.81286559046005,120.02227947044835,0.84206606994848698,0.0,4.0,18.209413879988311,193.36663235490761,491,872,114.65856117069158
13,0,7.0,322.34553346875168,0,11.093750000000002,-61.710025755605379,-99.36449228685369,1.0004105386324227,7.0,5.0,322.34553346875168,245.67212369350904,446,845,98.133006118404381
13,1,4.0,206.69088515905329,1,2.5625000000000062,-115.45890775641355,91.231977402639728,1.3254616350168362,4.0,0.0,206.69088515905329,18.10382019674223,792,1002,75.651589926506404
13,2,6.0,288.9537355424614,1,-10.171874999999988,-115.03077524535669,173.92296029710468,1.1005719886743464,6.0,0.0,288.9537355424614,0.35971736397466147,1107,626,133.68678237974748
13,3,5.0,249.93793712250434,1,17.859375000000007,-85.507154017842822,164.43078310466154,0.93372765951789916,5.0,0.0,249.93793712250434,43.57030469877099,616,553,97.571633536693227
13,4,0.0,10.754616314718099,0,-93.640625000000028,136.69538019308851,147.44999650780662,1.0170772671117447,0.0,7.0,10.754616314718099,316.04504194266957,1124,415,270.27749552680547
13,5,6.0,289.74398990704435,0,154.43750000000003,6.0829922165755885,-64.173017876380058,1.1003918077913113,6.0,1.0,289.74398990704435,49.29644503792543,42,183,208.04453459871073
13,6,0.0,36.482721171805387,1,7.7812500000000293,88.57670579508158,125.05942696688697,2.6173061423469335,0.0,4.0,36.482721171805387,197.18022963674616,622,71,281.95970308334449
13,7,3.0,174.46154039122575,1,81.968750000000014,3.3736704553207546,177.83521084654652,1.6838313632761128,3.0,7.0,174.46154039122575,358.28904200127613,585,576,278.8199491458389
13,8,3.0,166.95697806973337,0,118.125,-72.751621068024747,94.205357001708606,1.825496559322346,3.0,2.0,166.95697806973337,115.13714119633184,145,353,183.79417692538331
13,9,5.0,257.07542845923052,1,6.6718750000000018,-6.5990021693868837,-109.52357371015636,1.0837364832405001,5.0,1.0,257.07542845923052,78.404059385225679,825,794,278.51960561178555
13,10,1.0,66.311487221598256,1,-18.953124999999982,-160.35393792773627,-94.042450706138027,1.492169403063599,1.0,7.0,66.311487221598256,325.15198164908224,262,414,355.30991872365047
13,11,2.0,107.44752278158956,1,7.4531250000000107,-93.715771289478553,13.731751492110991,1.2171065179863945,2.0,1.0,107.44752278158956,49.053576248828854,377,582,80.475281278166904
13,12,4.0,188.64081556868686,1,3.4375000000000027,-3.8250710312924121,-175.18425546260556,0.98374238476390019,4.0,0.0,188.64081556868686,11.361730493231942,234,471,268.67796948332659
13,13,1.0,66.550580793503784,1,22.296875000000021,-54.904606545020563,11.64597424848322,1.6004666456137784,1.0,5.0,66.550580793503784,250.88568564237087,209,633,199.55283580362905
13,14,2.0,100.00459921328469,1,1.0000000000000013,-108.92352783123854,-8.9189286179538421,1.0004438948817551,2.0,0.0,100.00459921328469,12.112433077859741,949,20,310.127547639944
13,15,7.0,317.68584269217018,1,12.703125000000055,86.592586144414241,44.278428836584425,1.8005195594741963,7.0,4.0,317.68584269217018,213.11244123101056,39,219,32.100101906649982
14,0,6.0,312.05497616735209,1,8.6406249999999876,92.193153876687447,44.248130044039499,1.225438741792459,6.0,0.0,312.05497616735209,11.753206835633469,1080,797,316.003455878419
14,1,0.0,2.0065290594425877,1,-16.5625,-21.632211774221933,-19.625682714779344,0.73371950577711686,0.0,1.0,2.0065290594425877,62.3453336243157,1023,711,59.364788339918164
14,2,2.0,95.737103724482864,1,12.828125000000007,123.46130938787013,-140.80158688764701,1.0670560701400973,2.0,3.0,95.737103724482864,142.62160984122255,933,823,38.228475107956058
14,3,7.0,353.88168308384337,1,-29.812499999999989,-57.975175084328995,-64.093492000485625,1.3671541147632524,7.0,5.0,353.88168308384337,247.23586404206958,1077,940,207.96607339659701
14,4,1.0,86.859014886920676,0,-113.21874999999999,172.68736707469677,-100.45361803838256,1.2255559163750149,1.0,4.0,86.859014886920676,213.84678363527041,448,456,229.81006016823329
14,5,5.0,264.24741151208332,1,8.1718749999999964,109.6372561731749,13.884667685258174,1.5838438219507225,5.0,4.0,264.24741151208332,184.42261268458651,1093,401,227.70590425040353
14,6,6.0,282.80399081953539,1,-5.5312500000000062,-20.217186528284707,-97.413195708749313,1.5921338515472598,6.0,4.0,282.80399081953539,206.55164776713369,51,276,344.27102331168021
14,7,0.0,12.598205631585307,1,65.125000000000014,-21.407906298383399,-8.8097006667980899,1.267219886474777,0.0,5.0,12.598205631585307,240.76778434003566,380,477,54.688542579413394
14,8,3.0,160.84555418155404,1,-113.56250000000001,5.7420881765775373,166.58764235813157,0.97549141332274303,3.0,7.0,160.84555418155404,321.44292390122854,476,1110,219.25581591891719
14,9,2.0,127.50137446180831,1,-28.624999999999996,8.8038731546690325,136.30524761647735,1.3754156347131357,2.0,4.0,127.50137446180831,222.69714323654495,905,523,301.15695462799351
14,10,4.0,224.45153287318732,0,-156.24999999999997,-16.427032341117087,-151.97549946792975,1.1754220208968036,4.0,6.0,224.45153287318732,299.33766472614224,472,752,103.43653697492513
14,11,5.0,251.20759782554904,1,41.687499999999993,-7.2109436700604661,-116.00334584451144,1.2837759975809604,5.0,0.0,251.20759782554904,39.549487943983287,922,997,245.01842648342034
14,12,3.0,169.43215004436206,0,142.89062500000003,-110.28635455025908,59.145795494102998,2.0004227978060953,3.0,7.0,169.43215004436206,348.20541256967226,162,19,340.54344324416053
14,13,4.0,209.56683312853306,1,29.343749999999975,-5.2043801132209122,-155.63754698468782,1.6172608120250516,4.0,0.0,209.56683312853306,20.992359407067205,659,469,80.62756590674006
14,14,1.0,58.915332717795472,1,1.7500000000000184,-125.52493495482122,-66.60960223702574,1.78385425650049,1.0,6.0,58.915332717795472,307.66769551546611,1070,521,28.658095111262121
14,15,7.0,341.69194177808572,0,-62.421874999999993,139.99442590977085,121.68636768785659,1.7588148205541074,7.0,2.0,341.69194177808572,103.52974823286957,3,196,358.8388613742423
15,0,0.0,12.628994566633919,1,-27.812499999999989,-127.03826667603657,-114.40927210940264,1.3087937661912292,0.0,5.0,12.628994566633919,240.12108245289906,541,1072,187.82243692271402
15,1,6.0,274.75698875180694,1,-82.937500000000014,160.24432974369876,75.001318495505714,1.6504568525706418,6.0,5.0,274.75698875180694,230.27101668660148,560,349,36.578566492557407
15,2,3.0,143.56297805114889,1,-3.0468749999999916,22.448764884707316,166.0117429358562,1.4004633384756744,3.0,2.0,143.56297805114889,93.350057553135684,1142,820,104.58743740036608
15,3,7.0,333.27688257225117,1,27.671874999999968,75.375340208055192,48.652222780306332,1.9338371364865452,7.0,3.0,333.27688257225117,161.59422492838723,1011,522,251.27193120207042
15,4,1.0,54.722694319438631,0,73.546874999999986,-128.35621991793923,-73.633525598500583,1.3672290951362811,1.0,6.0,54.722694319438631,280.09214817714599,563,500,316.72558793882592
15,5,6.0,283.96595825151633,0,-40.203125000000007,-81.574297192970533,-157.60833894145421,1.0837421851465479,6.0,7.0,283.96595825151633,337.31021532917663,505,1112,46.079758266678681
15,6,1.0,52.430831486585681,1,-111.57812500000001,-175.11776802759624,-122.68693654101057,1.0171063468442298,1.0,4.0,52.430831486585681,219.89282528991805,80,18,186.18642481679822
15,7,4.0,216.05158104925468,1,1.093750000000002,-21.042667372596014,-164.99108632334134,1.3004558404209092,4.0,6.0,216.05158104925468,276.85883541196813,79,1151,149.71962959239451
15,8,0.0,0.37662489371334984,0,146.609375,-91.850823232154156,-91.4741983384408,1.492153437633533,0.0,1.0,0.37662489371334984,83.475200529282262,509,604,94.740107263078173
15,9,2.0,91.763522815818021,1,-2.2343749999999845,86.402008151790241,178.16553096760825,2.1922361441538669,2.0,4.0,91.763522815818021,195.30007978321169,166,168,53.930922868437776
15,10,7.0,326.85554917016816,1,-1.3125000000000326,102.33765981712062,69.19320898728877,1.4504595324397087,7.0,0.0,326.85554917016816,16.66814599815784,91,512,94.511349151057757
15,11,2.0,90.45971994602084,1,4.5781249999999982,3.9071190165356855,94.366838962556528,1.2587898746132851,2.0,3.0,90.45971994602084,150.15972664570398,764,597,28.112142077436211
15,12,5.0,251.90091387175511,1,5.9999999999999831,-57.623324824041902,-165.72241095228679,1.5671303377603181,5.0,7.0,251.90091387175511,316.03486531852269,1055,578,193.521213480461
15,13,4.0,189.98936012985698,0,118.59375000000001,173.46046577438909,3.4498259042460448,1.7255018906434998,4.0,7.0,189.98936012985698,354.41852320972265,549,975,352.97767146987627
15,14,5.0,232.8691218313177,1,15.296874999999996,66.567582538786013,-60.563295629896295,1.8172142273397185,5.0,3.0,232.8691218313177,148.52521010127089,425,762,52.327136612521656
15,15,3.0,164.95849728257886,1,-3.1093749999999698,-166.01940897284308,-1.0609116902642277,2.7506479526055045,3.0,5.0,164.95849728257886,243.09751036444817,740,1073,178.56884931284236
16,0,5.0,225.72163594624521,0,57.937500000000007,-55.869454292888413,169.85218165335681,0.9836733914562501,5.0,7.0,225.72163594624521,342.86670049645215,854,992,201.65783553808276
16,1,2.0,99.621246983363221,1,-52.046875000000014,135.28740478205151,-125.09134823458524,1.3504779781796969,2.0,3.0,99.621246983363221,167.1182529713372,6,644,301.06290809587898
16,2,3.0,138.47700728629897,1,2.0781249999999885,-115.51637664839667,22.960630637902284,2.4007415923988447,3.0,4.0,138.47700728629897,184.66808605230526,93,1091,322.27246417558666
16,3,2.0,103.41920681298957,1,-20.296875000000018,-174.12916059380086,-70.709953780811261,3.0173215945833363,2.0,3.0,103.41920681298957,159.50193941103436,409,608,212.56909598463841
16,4,1.0,68.836145110350216,0,-167.09375000000003,117.05608250696886,-174.10777238268093,1.7004818412242457,1.0,4.0,68.836145110350216,216.61647596201092,254,57,289.41578635974179
16,5,5.0,245.17623157117367,0,171.9375,149.16986582888785,34.346097400061517,1.3838025970617309,5.0,0.0,245.17623157117367,31.179667144273864,62,466,358.57032916913107
16,6,6.0,289.6708347374086,0,-165.4375,-61.056953985404938,-131.38611924799636,1.0003942881594412,6.0,2.0,289.6708347374086,96.251410979850093,733,928,37.78783492325276
16,7,4.0,219.4306153111371,1,115.15625,12.605570443026973,-127.96381424583591,1.3337431117543019,4.0,0.0,219.4306153111371,2.9922704636903958,1022,406,180.20748838021547
16,8,6.0,275.21381664930863,1,111.09375000000001,-25.491974464650134,-110.27815781534153,1.2088746480294503,6.0,7.0,275.21381664930863,320.43117460107516,674,114,142.06011871741759
16,9,0.0,28.957370813958061,1,35.093750000000021,167.0749685399779,-163.96766064606405,1.1254224057774991,0.0,3.0,28.957370813958061,156.31803608087534,1134,103,90.290432499103275
16,10,7.0,340.9852638761044,1,-2.3749999999999987,-38.936622254561961,-57.951358378457577,3.3256954139797017,7.0,5.0,340.9852638761044,256.35568300531742,1140,311,305.1785210383062
16,11,4.0,213.49256472286953,1,1.0000000000000013,57.530465465798315,-88.976969811332168,1.0254744928679429,4.0,7.0,213.49256472286953,346.46640275601106,923,807,171.75605189705044
16,12,7.0,359.85703936357805,1,-7.6093750000000071,-25.092079212380344,-25.235039848802337,1.0754390411311761,7.0,6.0,359.85703936357805,313.55526693923844,520,802,174.61678522301219
16,13,0.0,24.375477997430924,1,12.578125000000023,83.118075602469915,107.49355359990084,1.1754530963953584,0.0,1.0,24.375477997430924,77.99728707238576,508,853,34.994493627849593
16,14,3.0,143.79026723490975,1,-3.7187500000000178,129.98201637447005,-86.227716390620159,1.3255041143274866,3.0,5.0,143.79026723490975,243.78036399452719,592,122,243.26884596426945
16,15,1.0,89.4343185017877,1,-8.578125000000016,46.851405830571167,136.28572433235885,1.0921194541733712,1.0,3.0,89.4343185017877,149.20255751446555,799,631,82.147502016411707
17,0,0.0,31.729413337852641,1,-8.0781249999999982,161.10353407637146,-167.16705258577588,1.0254485491313972,0.0,7.0,31.729413337852641,336.78283358466723,50,735,346.29953275907587
17,1,0.0,15.409609925733912,0,23.796875000000004,-164.22937162967906,-148.81976170394515,0.78369916410883889,0.0,4.0,15.409609925733912,196.70815327526401,346,990,231.61664847939363
17,2,5.0,265.66877665846232,0,-61.874999999999993,157.9528027080253,63.62157936648758,1.7588205225183628,5.0,7.0,265.66877665846232,351.64226081640066,341,760,64.948035610054049
17,3,1.0,82.230568117532641,0,-155.328125,31.752846999107444,113.98341511664009,1.5171198889729567,1.0,0.0,82.230568117532641,28.827470451622922,782,95,211.19423905792365
17,4,2.0,115.87166777615796,1,17.687499999999993,-78.277085375099475,37.594582401058474,0.97541671810904518,2.0,5.0,115.87166777615796,253.23203465563137,54,277,54.953329543697869
17,5,2.0,120.96808606833571,1,20.281249999999993,-167.48349396835783,-46.515407900022133,0.82539192895637825,2.0,7.0,120.96808606833571,345.57304805043009,372,151,134.09995771369972
17,6,5.0,227.46291127223574,1,-10.968749999999998,-149.83887237117941,77.624038901056323,0.86707300489069894,5.0,2.0,227.46291127223574,99.512854475174592,26,392,28.118217194947302
17,7,4.0,190.36734508225939,1,-13.546875000000009,-174.01374188307696,16.353603199182452,1.9922140206326731,4.0,3.0,190.36734508225939,138.43828291700311,648,34,153.02153030016041
17,8,3.0,179.53684119307414,1,-113.06250000000001,14.866006464321993,-165.59715234260386,1.742149232479278,3.0,7.0,179.53684119307414,340.1154245743478,935,132,272.63730736668134
17,9,7.0,356.87874762869501,0,84.843750000000043,-132.59312182445385,-135.71437419575886,0.90870219329372048,7.0,2.0,356.87874762869501,132.50108768117863,439,759,323.70718724778067
17,10,3.0,178.86292606265056,1,-40.468749999999993,152.89282286654844,-28.244251070801013,1.4171292115934193,3.0,1.0,178.86292606265056,54.703739130693421,769,518,139.53064060285891
17,11,6.0,306.8641498298864,1,15.25,162.55291615625984,109.4170659861462,1.4838807989726774,6.0,3.0,306.8641498298864,173.51707849588854,366,1032,82.478502814548364
17,12,6.0,308.64452753282296,1,18.609375000000014,134.85867413875988,83.503201671582829,1.1755793940392323,6.0,7.0,308.64452753282296,353.46096596148715,816,810,115.28830921043566
17,13,4.0,212.9247057265666,1,-4.3437500000000036,11.469012357916036,-135.60628191551737,1.2589173126616515,4.0,3.0,212.9247057265666,156.62716504068803,503,389,309.68214648623115
17,14,1.0,69.031849758608303,1,-37.015625,-108.36456408036918,-39.332714321760868,1.4921346213086508,1.0,6.0,69.031849758608303,310.69251790114714,417,653,13.916046442938615
17,15,7.0,332.71050276724333,1,-14.906249999999995,-75.963352309852255,-103.25284954260893,0.57530119712464511,7.0,1.0,332.71050276724333,64.525449876493184,601,450,234.29485271428581
18,0,3.0,155.48422455286928,1,-14.25000000000003,-130.95077315746548,24.533451395403816,2.1671288552461192,3.0,7.0,155.48422455286928,353.25346150921911,150,59,54.920386877187767
18,1,1.0,87.141334940467758,1,-11.218749999999982,46.986207936630215,134.12754287709797,0.70030736230546609,1.0,5.0,87.141334940467758,239.79778780322121,397,126,237.28707727594229
18,2,0.0,36.039878500762008,1,-21.218749999999996,134.93439408442615,170.97427258518817,0.62530081224394962,0.0,6.0,36.039878500762008,306.05955427064299,13,617,251.12435418805376
18,3,7.0,320.84145483920071,1,23.187500000000018,143.29924754582987,104.14070238503055,0.68364918674342334,7.0,4.0,320.84145483920071,200.80838697991729,124,1048,204.43547736588243
18,4,3.0,161.60920627543686,0,168.375,5.3178398478623476,166.92704612329922,0.63367523031774908,3.0,7.0,161.60920627543686,340.60448722706127,342,205,160.35191302158179
18,5,2.0,113.9802361724951,0,-130.87499999999997,4.5960476672142283,118.57628383970932,0.95864678482757881,2.0,1.0,113.9802361724951,61.649194870123935,317,419,293.99262241437748
18,6,4.0,183.90103197709237,1,-5.1718749999999938,63.939961227237326,-112.15900679567031,1.2754021497094072,4.0,2.0,183.90103197709237,112.44291403756496,1090,495,60.156868293198073
18,7,5.0,237.3978970573047,1,20.421874999999961,1.233566006548271,-121.36853693614705,1.016992878576275,5.0,7.0,237.3978970573047,351.54357452221944,1125,944,109.7464704734987
18,8,7.0,338.75341186031585,0,153.453125,122.88627685481394,101.63968871512979,0.97531408345093951,7.0,6.0,338.75341186031585,284.812283506683,207,870,210.34704270669602
18,9,2.0,109.62026563079283,1,-6.8124999999999964,-153.7011608470786,-44.080895216285768,1.3170527202892117,2.0,4.0,109.62026563079283,193.87349297681934,1128,470,220.56191030216758
18,10,1.0,85.073366882266725,1,-15.250000000000009,2.3912068832678215,87.464573765534539,0.850344410573598,1.0,7.0,85.073366882266725,353.83129706181967,1067,45,102.75303278091268
18,11,6.0,281.07327461889952,1,-1.1562500000000109,46.242781959037863,-32.683943422062612,1.0837025567307137,6.0,7.0,281.07327461889952,321.2619165574817,636,433,152.10678303014689
18,12,5.0,251.11109632793872,1,-6.0312499999999876,-64.980607596698007,-173.86951126875928,0.67537654802436009,5.0,0.0,251.11109632793872,43.496369043818198,348,334,176.45001337161113
18,13,0.0,29.889938026253652,1,8.4843750000000036,74.667635726675314,104.55757375292896,1.0670141610316932,0.0,2.0,29.889938026253652,115.5834355430172,1114,407,58.889968720645562
18,14,6.0,273.07812084639767,1,-14.046875000000012,-41.211691043899961,-128.13357019750231,0.67533150286180899,6.0,0.0,273.07812084639767,30.134115702442568,1,416,353.83295121236398
18,15,4.0,187.21629275067039,0,177.203125,97.604059328851648,-75.17964792047799,1.1170206184033304,4.0,2.0,187.21629275067039,90.382070849035543,99,625,38.144577154665029
19,0,7.0,343.59541569122069,0,86.093750000000014,6.5298221016989464,-9.8747622070803818,2.1421527107013389,7.0,5.0,343.59541569122069,269.95191025973054,23,111,291.25915227975838
19,1,1.0,67.08035351272224,1,-92.390625,9.4573852514622239,76.537738764184468,0.72531173139577731,1.0,4.0,67.08035351272224,197.87774002586048,910,322,222.09222756896756
19,2,0.0,33.637217885194119,1,2.5156250000000004,-60.491639225712703,-26.854421340518588,1.417152589536272,0.0,2.0,33.637217885194119,106.2007965800874,250,749,307.38780098334064
19,3,3.0,166.22206856003405,1,-122.82812499999999,-73.231723584868661,92.990344975165399,0.55861622252268717,3.0,2.0,166.22206856003405,103.85694263503838,568,515,177.09725014513998
19,4,5.0,239.69619707402151,0,97.0625,80.984693743944433,-39.319109182034055,0.84198538766941056,5.0,0.0,239.69619707402151,22.942650004636352,718,1132,318.96333377750187
19,5,5.0,245.22202976039043,1,-29.015625000000004,7.1103297317772194,-107.66764050783233,0.70864528801757842,5.0,2.0,245.22202976039043,98.857839814816117,678,104,226.61005072481072
19,6,7.0,343.07119389152695,1,-18.171875,108.84505048096941,91.916244372496365,1.2420450298232026,7.0,1.0,343.07119389152695,79.426281776884792,1051,1017,264.27154439268332
19,7,0.0,38.837299001118033,1,17.843750000000004,17.23925073305027,56.076549734168303,0.78364955732831731,0.0,4.0,38.837299001118033,214.35800017743702,430,65,24.734603602975767
19,8,6.0,297.62005033178173,1,17.5625,-13.846388799611047,-76.226338467829308,1.1837248798110522,6.0,0.0,297.62005033178173,21.859981952647711,245,757,10.339241473061293
19,9,1.0,72.171371074699294,1,22.593749999999989,52.484902720692951,124.65627379539225,0.9920161638292484,1.0,5.0,72.171371074699294,250.16624668895352,528,650,94.394898157368843
19,10,4.0,194.56355512362063,1,-11.281249999999991,58.517601169030037,-106.91884370734938,1.1837003615219146,4.0,6.0,194.56355512362063,289.87517604168232,550,202,187.06920802260453
19,11,4.0,196.37273276527537,0,-118.15625000000004,141.58629490950531,-22.040972325219332,1.5003798907855526,4.0,2.0,196.37273276527537,107.54808735997446,987,24,53.501662380642912
19,12,3.0,164.70032401098763,1,-5.4218750000000027,-52.227664567088496,112.47265944389915,1.3754144943668507,3.0,0.0,164.70032401098763,33.63341634482623,930,47,85.743702296282777
19,13,2.0,125.74541709478575,1,-47.687500000000028,-96.934623351812689,28.810793742973068,0.9003260646131821,2.0,0.0,125.74541709478575,27.510755205716176,795,408,60.604483959243026
19,14,2.0,111.32445085662101,0,-83.390625000000014,110.80560400686029,-137.86994513651871,1.1503654791740701,2.0,3.0,111.32445085662101,169.52716353890946,115,88,307.72449907484975
19,15,6.0,312.44434345081663,1,2.9218750000000058,141.45615029156525,93.900493742381897,1.1837037826771848,6.0,1.0,312.44434345081663,73.163890216062143,1097,459,321.00445183554223
20,0,0.0,5.4763105172722284,1,-8.3750000000000071,70.96649655319213,76.442807070464355,1.375430459738709,0.0,5.0,5.4763105172722284,233.50979182591652,1104,41,307.24319145064266
20,1,6.0,310.18127737199103,0,167.03125000000003,-16.342537188819321,-66.161259816828263,1.1170764973503537,6.0,3.0,310.18127737199103,176.38882539208623,440,231,281.74388456376266
20,2,2.0,107.26941734977636,1,-1.906250000000002,74.591523716236637,-178.139058933987,0.85038147307932377,2.0,5.0,107.26941734977636,260.36344655955429,1121,714,338.77667696936408
20,3,6.0,293.56675490748836,1,0.95312499999995659,63.453996577383251,-2.9792485151283796,1.0420619645738043,6.0,0.0,293.56675490748836,4.9706697430339029,218,237,53.382018075891139
20,4,2.0,98.445089125199928,1,-4.3281250000000266,137.80478490172564,-123.75012597307445,0.95866160979494452,2.0,5.0,98.445089125199928,239.38306629892102,179,577,5.1257740488396264
20,5,7.0,344.16790214530749,1,-33.390625000000014,132.39714903177048,116.56505117707799,1.0837598611251451,7.0,3.0,344.16790214530749,158.88851267975861,25,1056,265.68352513599422
20,6,1.0,86.660475357385636,1,7.0937500000000346,-2.6029486029465487,84.057526754439081,0.66704689007019624,1.0,6.0,86.660475357385636,287.93450305971913,859,741,317.14589885470099
20,7,0.0,3.8981946497814652,0,56.671874999999993,-16.313769740514267,-12.415575090732803,0.60041076672496274,0.0,1.0,3.8981946497814652,80.51292620211197,957,1054,117.40982084476886
20,8,4.0,197.8779560904876,1,11.781250000000011,140.43975229626744,-21.682291613244935,1.017098079144489,4.0,2.0,197.8779560904876,96.653319481739516,490,186,231.41120157617001
20,9,7.0,336.51252538671224,1,1.1406249999999831,68.639452451851625,45.151977838563894,1.1503700406756252,7.0,3.0,336.51252538671224,141.32540187813029,806,537,307.18975647315773
20,10,5.0,263.57350757863082,1,-0.60937499999999711,-44.225002460128465,-140.65149488149765,0.58362173195928335,5.0,1.0,263.57350757863082,74.029062149072274,952,658,330.06763682236465
20,11,1.0,86.923979031903798,0,-118.21875,126.08267224450921,-146.99334872358696,0.84206464444287121,1.0,7.0,86.923979031903798,325.8727537285356,779,641,61.628658483221926
20,12,3.0,168.42685983953558,1,4.5781250000000107,-6.6593509202393948,161.76750891929618,0.66696278669405729,3.0,1.0,168.42685983953558,48.920396610919816,983,919,2.2541930029277779
20,13,4.0,212.49104257028017,1,23.578125,-179.15981657064913,33.331225999631052,0.81700211571296677,4.0,6.0,212.49104257028017,280.84588033668786,331,1111,353.54576264468881
20,14,5.0,266.77928844529765,1,2.8124999999999902,148.4038536949185,55.183142140216127,1.3420488216215745,5.0,4.0,266.77928844529765,214.89238104305389,278,452,3.725644551386007
20,15,3.0,164.69167973284641,0,108.71875,85.255276911494093,-110.05304335565948,1.017008844006341,3.0,1.0,164.69167973284641,45.326565928147069,1008,100,61.50116582208237
21,0,5.0,228.58036287002315,1,12.187500000000018,-171.50653193507293,57.073830934950216,1.3171713203191757,5.0,4.0,228.58036287002315,184.84315887003339,902,148,258.49122007272229
21,1,6.0,287.16143642122586,1,-13.921875000000023,110.06705321539488,37.228489636620743,1.4254725541686639,6.0,7.0,287.16143642122586,339.15807855959167,256,210,83.506935069602534
21,2,7.0,337.94749777073696,0,-156.21875,114.15031081545524,92.097808586192158,1.6255100728594698,7.0,0.0,337.94749777073696,34.420161620574426,1137,1039,18.261139181360726
21,3,4.0,192.92811250237745,1,9.1562499999999734,96.042295306109082,-71.029592191513458,0.72530774003826082,4.0,2.0,192.92811250237745,129.83423615224993,776,1068,91.203682898282253
21,4,0.0,30.240274374055577,1,-1.250000000000024,12.258102811662665,42.49837718571824,0.90034374059177935,0.0,5.0,30.240274374055577,268.9951313379425,310,571,219.71898178892485
21,5,2.0,107.91254713075394,1,-11.437500000000002,-125.81699463700214,-17.904447506248204,0.93369572871597484,2.0,6.0,107.91254713075394,313.31893894830978,405,703,93.800217019027102
21,6,3.0,161.18746172664481,1,50.671875000000021,141.00148762793282,-57.811050645422377,1.2753790569258854,3.0,6.0,161.18746172664481,288.75431197411001,551,611,252.73478149304358
21,7,4.0,221.52365526739575,1,-7.2343750000000044,-1.2627275859087339,-139.739072318513,1.2753742102649994,4.0,0.0,221.52365526739575,27.150690467920018,399,198,135.26713986857624
21,8,2.0,90.658906902543009,0,-57.546875000000028,-33.809594948965383,56.849311953577626,1.0920530267758295,2.0,6.0,90.658906902543009,301.69077902113389,75,147,85.752882692530733
21,9,1.0,69.700310944197554,1,30.281249999999979,-61.659686569636989,8.0406243745605739,0.77531647821888328,1.0,4.0,69.700310944197554,192.50380895097507,181,265,44.764245019021644
21,10,1.0,63.522477515026196,1,14.265625000000007,59.161465907036408,122.68394342206261,0.79202511586481705,1.0,2.0,63.522477515026196,104.30272579831083,540,777,304.98102398247335
21,11,0.0,12.493247921220089,1,1.21875,-149.41718890577133,-136.92394098455125,1.192012628656812,0.0,3.0,12.493247921220089,145.40661991004674,200,146,351.79108135237203
21,12,5.0,264.64283510137352,0,113.78125000000001,18.609255043768101,-76.747909854858392,1.8504784058313817,5.0,4.0,264.64283510137352,190.75730625952824,184,676,207.65261659788598
21,13,6.0,304.59285568430266,0,147.34374999999997,87.253436121220489,31.846291805523105,0.56692963000386953,6.0,2.0,304.59285568430266,101.64639914660498,475,829,199.23819856160017
21,14,7.0,322.82734490038882,1,-1.6249999999999754,86.986205993317739,49.813550893706541,0.69197884475579485,7.0,6.0,322.82734490038882,272.35015235785744,290,672,150.85453948235329
21,15,3.0,141.90310116147555,1,29.0625,30.056274463963909,171.95937562543943,1.1086869690916501,3.0,7.0,141.90310116147555,317.21935463591012,105,303,33.224744617928025
22,0,5.0,256.69884740252354,1,-24.703125000000007,46.751239204240562,-56.54991339323594,0.74196078383829445,5.0,3.0,256.69884740252354,174.06578162510635,163,33,147.21395673282916
22,1,1.0,80.097324766517374,1,19.359374999999979,-132.70142132418539,-52.604096557668029,0.72534822375746444,1.0,4.0,80.097324766517374,186.31750970516879,141,1005,135.63469383401056
22,2,4.0,197.3972900652642,0,113.453125,-26.597690534334532,170.79959953092967,1.4005169366137125,4.0,2.0,197.3972900652642,130.83352638362561,507,748,161.7974871085292
22,3,3.0,140.02564321882002,0,-116.078125,-133.70865753867767,6.3169856801423556,0.65863797534257174,3.0,4.0,140.02564321882002,197.49410808362217,301,325,300.06282399496598
22,4,6.0,285.2668353155172,1,0.84375000000001754,4.0331408480284097,-70.700023836454349,0.55029711307724938,6.0,2.0,285.2668353155172,100.09607855997092,68,1044,98.431124339357723
22,5,7.0,315.77442691092108,1,29.265625000000004,134.64531488041425,90.419741791335341,0.80865535192424431,7.0,0.0,315.77442691092108,18.711397922800906,352,333,288.12305930320707
22,6,3.0,139.85928241362856,1,-31.281249999999993,-33.884214956832508,105.97506745679604,0.68362010689452291,3.0,0.0,139.85928241362856,13.921540128671017,1010,953,67.121811870293584
22,7,0.0,4.7118992596961649,1,10.921874999999989,-171.87895184547207,-167.16705258577588,0.65863255853764713,0.0,1.0,4.7118992596961649,63.62626174729634,428,937,257.84133514678763
22,8,1.0,69.702375035615788,1,7.9687500000000071,-161.43153377977509,-91.729158744159307,0.95865704823518172,1.0,2.0,69.702375035615788,133.06953807743139,856,1050,228.34468513151558
22,9,4.0,182.2677622927396,1,29.328125000000004,-164.89027020765212,17.3774920850875,1.7754459119751118,4.0,7.0,182.2677622927396,331.58947048284909,488,22,202.17163506836371
22,10,2.0,124.24618602387277,0,-149.84375,-20.314496782069774,103.931689241803,1.067027845652774,2.0,1.0,124.24618602387277,57.038832759164464,156,129,63.038805270673286
22,11,2.0,122.90256182026312,1,7.3750000000000009,170.9950640354059,-66.102374144330994,1.2003462779684924,2.0,5.0,122.90256182026312,236.07277222148369,170,252,174.58028053197484
22,12,6.0,287.61002024623963,0,43.937499999999993,28.309084537474632,-44.080895216285768,0.90865828841924667,6.0,7.0,287.61002024623963,356.34161600862546,338,216,133.64432363615671
22,13,7.0,344.21744002066214,1,-118.20312500000001,95.687937241868497,79.905377262530592,0.57527667883550748,7.0,3.0,344.21744002066214,179.83666915725064,657,1096,152.35271989831185
22,14,0.0,38.415284900313679,1,-3.5937499999999991,-29.021293941362611,9.3939909589510666,0.58363114012172446,0.0,3.0,38.415284900313679,136.1388865846271,339,483,248.74951756411099
22,15,5.0,232.68957216035818,1,-17.406250000000018,8.9829856389032976,-118.32744220073853,1.2420649865525775,5.0,4.0,232.68957216035818,185.16492668780273,323,655,128.04195362811825
23,0,0.0,28.270775078513772,1,9.9218750000000018,-82.005331957489986,-53.734556878976214,0.76707976165926084,0.0,6.0,28.270775078513772,302.06722037883583,12,566,47.47241424773528
23,1,4.0,214.9763586721121,1,-5.5624999999999973,-11.607245508630028,-156.63088683651793,0.72530945064499974,4.0,7.0,214.9763586721121,321.52372816654616,37,581,187.98537425262904
23,2,5.0,265.21090304301828,1,8.1562499999999822,27.59137911055879,-67.197717846422961,0.73362684948369861,5.0,0.0,265.21090304301828,17.503113032512871,761,908,30.953291777674803
23,3,0.0,31.718746096664262,1,-7.3750000000000009,137.94102875458748,169.65977485125171,1.7754288061405532,0.0,7.0,31.718746096664262,331.56722050588002,646,720,331.67539085368725
23,4,1.0,64.05791437795358,1,-3.1406250000000115,60.285237375125128,124.3431517530787,1.5337221856461838,1.0,7.0,64.05791437795358,333.24673027277964,558,1038,90.425211420361009
23,5,5.0,258.46865397211434,1,10.968750000000023,10.272300820710402,-91.259045207175276,0.9919813820743002,5.0,4.0,258.46865397211434,209.16733307089291,233,917,359.98428850106592
23,6,4.0,193.3946462674009,1,18.718749999999996,178.61248032043781,12.007126587838716,1.0420112173887901,4.0,1.0,193.3946462674009,50.962038256754042,89,945,232.67104558975754
23,7,2.0,133.7639799207484,0,-174.60937500000003,-61.005439319688364,72.758540601060034,0.80031828145729378,2.0,6.0,133.7639799207484,301.17761363872097,84,832,77.384562992215137
23,8,7.0,334.89822932851052,1,-3.8124999999999925,90.238074099737645,65.136303428248127,1.0920111176092178,7.0,6.0,334.89822932851052,292.35986782596558,783,747,163.18553844885145
23,9,3.0,163.31741204792118,1,-9.9531250000000018,-13.035804313226345,150.28160773469483,0.81701551523292437,3.0,2.0,163.31741204792118,102.28711414004349,312,732,270.83678536391847
23,10,6.0,313.16756477369984,1,-30.421875000000007,-97.899339281118344,-144.73177450741849,0.95865847379900515,6.0,4.0,313.16756477369984,194.77391825567864,285,212,240.13177431375377
23,11,6.0,312.57612277895191,1,11.531250000000002,-4.813044804919886,-52.236922025968006,0.9420969458296895,6.0,1.0,312.57612277895191,75.322193678776898,131,959,225.33363359423194
23,12,3.0,148.26525392296691,0,54.906249999999993,-54.422800795052034,93.842453127914879,1.5753861558041535,3.0,5.0,148.26525392296691,254.22313853077577,702,283,55.81328659642169
23,13,1.0,82.888282367648614,1,-38.140625000000021,140.14719724903796,-136.96452038331341,0.71700231527211145,1.0,0.0,82.888282367648614,19.443556430736844,74,632,245.39710327376966
23,14,2.0,93.695305277670627,0,-115.62500000000001,54.095573923487507,147.79087920115813,1.100410339073278,2.0,5.0,93.695305277670627,264.83735804946826,8,969,6.9509639955983937
23,15,7.0,337.59960339815797,0,131.453125,-112.14124694015754,-134.54164354199958,0.88366418279474601,7.0,4.0,337.59960339815797,186.81707190835411,383,691,283.20116289145722
