block,trial,cueposbin,cueposdeg,cuevalid,wmresptestimgdiff,wmrespcuediff,wmrespdeg,wmrts,imageposbin0,imageposbin1,imageposbin2,imageposbin3,imageposdeg0,imageposdeg1,imageposdeg2,imageposdeg3,imagenum0,imagenum1,imagenum2,imagenum3,mouseposdeg,artifactfree
0,0,2.0,109.55972099326449,1,-3.5147185131440413,-3.5147185131440413,113.07443950640854,3.1507806811423507,2.0,3.0,0.0,6.0,109.55972099326449,158.75149757767434,16.337867226059256,312.950002005653,33,1636,654,438,232.85997810488328,1.0
0,1,0.0,14.891173441020097,0,-25.033502711373536,145.69810481460314,-130.806931373583,3.1175107153712815,0.0,4.0,7.0,5.0,14.891173441020097,204.1595659150435,332.4759210147671,257.4191597360553,839,1329,1917,71,214.02069707956312,1.0
0,2,4.0,187.40678656528814,0,72.98781183654931,114.9935422069863,72.41324435830184,7.501560335935665,4.0,3.0,0.0,2.0,187.40678656528814,145.40105619485115,1.9665883058515492,90.19398054135843,684,1088,981,980,104.06639507290134,1.0
0,3,2.0,104.87496131646698,1,-6.3880541859943465,-6.3880541859943465,111.26301550246133,1.6921684991748407,2.0,5.0,7.0,1.0,104.87496131646698,233.69272803687008,351.5190651622928,47.52444155722271,498,149,199,444,103.46272922280484,1.0
0,4,5.0,248.11771880281117,1,-0.21632247389863907,-0.21632247389863907,-111.66595872329025,1.9922579055973983,5.0,4.0,6.0,2.0,248.11771880281117,184.29722828903138,306.7525983746323,129.97391018142486,2164,1057,1047,1531,213.30816622674874,1.0
0,5,6.0,301.0726959353192,0,5.229828013753073,95.58856894490191,-154.51587300958272,3.250725714438886,6.0,4.0,1.0,5.0,301.0726959353192,210.71395500417037,57.68264443756729,252.5132204147991,287,1015,2356,1790,229.9157303700632,1.0
0,6,6.0,277.2388893730546,1,-0.41882032065930314,-0.41882032065930314,-82.34229030628612,3.767496260952612,6.0,3.0,0.0,7.0,277.2388893730546,176.37937919733113,15.2104862671253,320.2130986174802,2217,683,1710,978,16.22140893886808,1.0
0,7,4.0,204.15964543531425,1,-11.831850822660572,-11.831850822660572,-144.00850374202517,1.8506579183699614,4.0,0.0,5.0,7.0,204.15964543531425,22.670004598335975,259.8935604428039,329.47628949007304,1307,1958,1416,903,130.7990009597126,1.0
0,8,3.0,142.9204033717559,1,5.603340985884584,5.603340985884584,137.3170623858713,2.0673726999084465,3.0,7.0,0.0,5.0,142.9204033717559,326.3900204769673,23.407602009097165,243.73661164687306,1093,1538,1758,1086,232.08176782656648,1.0
0,9,0.0,14.373050499611148,1,-0.17832595654836367,-0.17832595654836367,14.551376456159513,2.317342907271268,0.0,5.0,6.0,3.0,14.373050499611148,240.54867677052763,310.88952604328466,168.2902259198114,22,2053,1766,1177,186.24638280684,1.0
0,10,1.0,81.67804789163729,1,8.903766692205933,8.903766692205933,72.77428119943136,2.0505995875214467,1.0,7.0,4.0,3.0,81.67804789163729,333.2607918388524,224.21080471093373,174.4054190919424,2051,1774,126,1521,104.65836638053025,1.0
0,11,6.0,273.12343869329544,1,-5.676759183085094,-5.676759183085094,-81.19980212361949,3.959220008792272,6.0,1.0,5.0,3.0,273.12343869329544,78.68593825278546,232.37977182907142,136.89352041835636,1469,2296,1813,464,274.46433296939585,1.0
0,12,0.0,3.471428957316375,1,2.2577168995625656,2.2577168995625656,1.2137120577538094,2.200678644922391,0.0,6.0,4.0,1.0,3.471428957316375,297.4473418787767,221.85878785416426,70.97376774275533,1458,346,967,38,43.999731334015266,1.0
0,13,7.0,332.6930540453388,1,-8.18721962473003,-8.18721962473003,-19.119726329931158,4.692797708275975,7.0,2.0,5.0,1.0,332.6930540453388,123.17532053379834,231.507510275559,68.04294697691545,365,1704,120,2157,87.1507586348835,1.0
0,14,3.0,148.38284026803063,0,60.102328833878865,121.0832680566978,27.29957221133281,2.717359100781323,3.0,1.0,0.0,4.0,148.38284026803063,87.40190104521167,11.294673179776126,195.86301114142557,1929,61,2257,1592,269.9612317798898,1.0
0,15,4.0,209.49681030776284,1,3.98293988022862,3.98293988022862,-154.48612957246576,2.900744901467533,4.0,3.0,0.0,2.0,209.49681030776284,169.03585454404302,17.433290754686052,116.4673953733791,2261,1638,1152,1447,355.91824143682993,1.0
0,16,5.0,263.32898294430044,0,82.71599510132691,133.79282575753706,129.53615718676338,4.9760461492232935,5.0,4.0,0.0,2.0,263.32898294430044,212.2521522880903,41.11187375435413,109.26645275718377,42,140,163,449,251.6837796406696,0.0
0,17,3.0,165.9503027093086,1,2.6026024396627547,2.6026024396627547,163.34770026964586,2.6840415238093556,3.0,0.0,1.0,2.0,165.9503027093086,1.1253298037989716,46.384497552959516,104.401517458093,1138,4,1034,1901,63.391080432736814,1.0
0,18,1.0,85.17348900032044,1,7.149621444523804,7.149621444523804,78.02386755579664,1.5339750106768406,1.0,3.0,2.0,0.0,85.17348900032044,173.41224034447495,132.61385912477817,34.47650460525499,1568,1528,1367,202,174.79987063934624,1.0
0,19,7.0,333.81812417868775,1,0.16655718365471808,0.16655718365471808,-26.348433004966996,1.450399392401323,7.0,2.0,3.0,0.0,333.81812417868775,102.22614868492357,149.42106875696177,37.37344606961676,1553,95,2359,1913,45.6733136793641,1.0
0,20,2.0,126.34661659927451,0,-21.718080064591955,-67.86923687439901,-165.78414652632648,2.184000469840157,2.0,3.0,1.0,7.0,126.34661659927451,172.49777340908156,55.69691106869621,326.1412334521097,1754,1589,2144,1298,16.508868310970797,1.0
0,21,7.0,339.94241104205923,1,5.966952032006589,5.966952032006589,-26.024540989947315,3.2340749086692995,7.0,4.0,1.0,0.0,339.94241104205923,224.98655828674976,78.98824893591355,19.959924190187,789,1227,213,2109,82.90687313774063,1.0
0,22,1.0,68.59712780210093,1,7.188558647937774,7.188558647937774,61.408569154163146,2.3090009687598467,1.0,6.0,7.0,0.0,68.59712780210093,281.9860534545306,342.13282854596315,24.933890912634446,1413,2347,429,2242,59.70183573895047,1.0
0,23,5.0,254.01736451395305,1,6.83942739534388,6.83942739534388,-112.82206288139086,2.0265182983812338,5.0,2.0,0.0,1.0,254.01736451395305,128.2762910025924,38.35909659874351,78.43010663750988,1724,1800,1738,1188,278.3135799015954,1.0
1,0,1.0,50.756646121169,1,9.322395648787575,9.322395648787575,41.43425047238142,2.9090637471213086,1.0,3.0,5.0,2.0,50.756646121169,155.01316757306722,265.03650456205145,104.36080307823516,272,847,2078,1144,67.46226241625205,1.0
1,1,0.0,2.8884913609678935,1,2.4049941500776324,2.4049941500776324,0.48349721089026093,2.984118385963029,0.0,4.0,3.0,2.0,2.8884913609678935,215.33610663118543,153.27985874519976,108.31477125590422,790,826,1454,1833,245.76838273114598,1.0
1,2,2.0,122.60877361215537,1,2.0200386449124212,2.0200386449124212,120.58873496724294,1.9672104226906413,2.0,0.0,5.0,3.0,122.60877361215537,0.6108398980304142,267.0816270749814,176.1284123158788,90,1283,1106,2113,149.1844961984316,1.0
1,3,3.0,140.99840955647926,1,-6.922340779352349,-6.922340779352349,147.9207503358316,3.1508576573351093,3.0,5.0,6.0,2.0,140.99840955647926,230.26297417830062,314.68002864304907,100.62917331616379,522,1586,791,1347,201.31704430741235,1.0
1,4,7.0,320.9590481489157,1,3.3952779374506865,3.3952779374506865,-42.436229788534995,3.3425092756310733,7.0,3.0,2.0,4.0,320.9590481489157,177.15090671237272,117.3858843153291,218.15649616013116,2034,398,848,1172,1.6361155527308702,1.0
1,5,2.0,127.29324749494083,0,84.92142634844778,-165.55226425307092,-67.15448825198827,2.7840432914108533,2.0,0.0,1.0,6.0,127.29324749494083,17.76693809645952,65.29579015523038,286.5656143655904,1259,852,568,340,36.64245875914347,1.0
1,6,4.0,204.95005466425238,1,-4.916862187260651,-4.916862187260651,-150.133083148487,1.717243636492185,4.0,1.0,6.0,7.0,204.95005466425238,75.44367958886103,307.5278195407482,358.9624284450837,2066,2290,2361,911,276.49224433688187,1.0
1,7,3.0,163.21919298259758,1,1.8021925858639036,1.8021925858639036,161.41700039673367,2.075686413816129,3.0,7.0,0.0,6.0,163.21919298259758,341.8140415288152,30.55232229170545,283.66116888387614,2062,1732,1100,1546,79.19305898236914,1.0
1,8,6.0,300.61045563012374,0,50.056286980287815,107.57929816745141,-166.9688425373277,2.7924040463249185,6.0,5.0,7.0,3.0,300.61045563012374,243.0874444429601,354.31350988176024,153.39643859614122,295,1295,1859,2085,66.59670732128357,1.0
1,9,5.0,247.23163030194874,1,-5.1816140563530855,-5.1816140563530855,-107.58675564169816,2.492436091228683,5.0,2.0,4.0,6.0,247.23163030194874,125.55631107985491,207.01814313021382,293.2839336874848,850,1389,2110,2335,217.64609983590202,1.0
1,10,7.0,341.82100771754625,0,9.792600139271581,176.97507576785884,164.8459319496874,4.068415014577113,7.0,3.0,1.0,6.0,341.82100771754625,174.63853208895898,77.01689500069587,271.3992871321683,641,770,1087,374,276.6209460242315,1.0
1,11,7.0,350.5225467316556,1,1.7857833891905524,1.7857833891905524,-11.263236657534923,1.608907627998633,7.0,1.0,5.0,6.0,350.5225467316556,60.850058186918346,234.14531144802913,307.9813106790932,1789,217,2040,121,22.44883721613356,1.0
1,12,3.0,168.23848909308418,1,1.021943034508546,1.021943034508546,167.21654605857566,1.3922247773248273,3.0,2.0,1.0,6.0,168.23848909308418,124.15155424618672,80.0963317322137,275.4576121541135,509,225,372,2018,298.0690456301379,1.0
1,13,6.0,289.5822691515368,0,-9.85791511988635,-161.11359678797197,90.69586593950879,2.6673579318835436,6.0,1.0,7.0,5.0,289.5822691515368,80.83795081962245,333.49907749011385,229.00296432396308,1375,1832,507,758,272.3704222810127,1.0
1,14,2.0,103.6757004341616,1,-10.021643788355535,-10.021643788355535,113.69734422251713,2.5088705083680907,2.0,3.0,1.0,7.0,103.6757004341616,167.44330010624932,61.27663341534317,336.25446022536363,1001,825,2045,733,186.10461496270543,1.0
1,15,1.0,71.87204222288932,1,-128.48486255896412,-128.48486255896412,-159.64309521814656,4.109271981977145,1.0,2.0,5.0,4.0,71.87204222288932,124.32089535368911,256.76233046133336,210.03079425643736,1821,169,433,1412,91.66268115472069,1.0
1,16,4.0,218.5545508176989,1,5.745887288301233,5.745887288301233,-147.19133647060235,1.9173164502685722,4.0,5.0,0.0,3.0,218.5545508176989,267.0838409981962,5.957708590499084,157.40112285102157,602,2046,1768,454,229.91737993125227,1.0
1,17,4.0,184.69341319062045,0,-145.63661647352959,-95.77033558729914,-79.53625122208044,2.1422693950071334,4.0,2.0,6.0,0.0,184.69341319062045,134.82713230438998,280.07780167633297,17.33041124627152,780,679,1290,1112,250.63121965805195,1.0
1,18,5.0,244.08805674603687,1,4.481319391589955,4.481319391589955,-120.39326264555304,3.475888775673866,5.0,6.0,7.0,0.0,244.08805674603687,284.55045938887787,337.2168825601761,37.42708852260373,20,1827,1076,1594,122.92646834845553,1.0
1,19,6.0,298.10575705943637,0,-176.70540563380953,-133.00215664097226,71.10791370040863,2.342351331887585,6.0,5.0,1.0,0.0,298.10575705943637,254.40250806659913,71.75370026551117,14.077982011180747,1688,382,1683,1902,138.03855715619602,1.0
1,20,0.0,19.549659455224663,1,-15.422431777350534,-15.422431777350534,34.972091232575195,2.968329998648187,0.0,4.0,2.0,6.0,19.549659455224663,214.75692003152278,133.56778201553837,282.1021557124217,1815,1296,1368,704,249.9895312767976,1.0
1,21,5.0,233.82881195235987,1,4.635743325942878,4.635743325942878,-130.806931373583,1.433860629756964,5.0,3.0,7.0,0.0,233.82881195235987,157.24631006691087,325.2090996521099,20.011021357450968,177,1625,63,2103,63.926806723455805,1.0
1,22,0.0,34.40474630849838,1,-5.887401447129393,-5.887401447129393,40.292147755627774,2.233965431417346,0.0,5.0,4.0,6.0,34.40474630849838,240.45669970579732,191.64913401838098,302.87321323787,1884,678,1950,1197,99.0183679925498,1.0
1,23,1.0,69.09900686156962,1,-0.7348985887213039,-0.7348985887213039,69.83390545029093,2.317360868381911,1.0,0.0,5.0,7.0,69.09900686156962,18.410419047288467,265.50224760833163,317.86307225746197,913,366,1661,99,152.54914893687993,1.0
2,0,4.0,198.94717303253105,1,-12.016583499542477,-12.016583499542477,-149.03624346792648,1.5756051611688235,4.0,0.0,7.0,6.0,198.94717303253105,24.58930022426488,344.2487029626528,287.6817262796128,1269,238,2223,1949,56.362293038157794,1.0
2,1,0.0,21.66512505088212,1,-8.381310195928382,-8.381310195928382,30.046435246810503,1.2338542435836644,0.0,2.0,5.0,4.0,21.66512505088212,101.49132191870936,247.42831698248852,193.29858770856362,316,1022,1582,1602,191.9613261376919,1.0
2,2,6.0,298.9479322722622,1,-7.372980802736268,-7.372980802736268,-53.67908692500151,1.3838674435746725,6.0,7.0,2.0,4.0,298.9479322722622,346.44316616993586,120.71752440303091,186.58312665736187,1108,555,796,1175,272.673574007611,1.0
2,3,6.0,304.7209559710476,1,-1.4445208634163103,-1.4445208634163103,-53.83452316553607,1.817465498985257,6.0,1.0,0.0,2.0,304.7209559710476,85.15536883646354,30.72977093938089,130.90618388258795,626,738,1369,1376,51.128129453475516,1.0
2,4,5.0,241.33958375723458,1,-1.220688294566092,-1.220688294566092,-117.4397279481993,2.1423674683783247,5.0,4.0,2.0,7.0,241.33958375723458,192.26851296705678,104.20674087889259,323.21519189369246,324,388,1274,1317,182.71137345757845,1.0
2,5,5.0,227.5632796667503,1,-18.547095812200812,-18.547095812200812,-113.88962452104886,2.4674065694334786,5.0,2.0,6.0,1.0,227.5632796667503,117.2446124333951,286.8569350734942,73.02204081669886,420,1390,504,1167,27.56649608126732,1.0
2,6,4.0,183.8305768690346,1,5.029058519153068,5.029058519153068,178.80151834988152,2.6257175178998295,4.0,5.0,1.0,7.0,183.8305768690346,246.62087561526639,49.862345062108766,323.2358233849433,482,2003,2068,1747,339.4608221605763,1.0
2,7,4.0,188.94447750124633,1,-9.185709411254582,-9.185709411254582,-161.86981308749907,2.2173816234453625,4.0,7.0,5.0,2.0,188.94447750124633,338.5841207646005,259.5189262488825,127.35378342047247,1305,1360,1831,1932,150.74328349115765,1.0
2,8,3.0,145.0050489749646,0,-8.982953262967664,-103.94045340671869,-111.0544976183167,1.9848165885405251,3.0,5.0,6.0,2.0,145.0050489749646,239.9625491187156,307.43920750812805,95.11310521060061,2035,680,1885,836,97.19298704849314,1.0
2,9,3.0,157.04350689038054,0,-5.7647190967424295,47.57763988202812,109.46586700835243,3.4426108271863995,3.0,2.0,5.0,6.0,157.04350689038054,103.70114791161001,255.48897223387524,310.9684721767838,153,1692,1336,719,42.10644977173848,1.0
2,10,5.0,227.34799188895184,0,-6.181446633744607,-74.6322615928864,-58.019746518161746,1.983938489749562,5.0,6.0,2.0,1.0,227.34799188895184,295.79880684809365,108.2959168148655,57.99493214446247,1720,2252,1611,695,236.55721032965826,1.0
2,11,2.0,122.3139341099648,1,-4.029890193964806,-4.029890193964806,126.34382430392962,1.21721113543299,2.0,3.0,1.0,0.0,122.3139341099648,169.96820675341073,60.5562598185365,12.504654541268888,1309,1649,432,887,297.2524961081091,1.0
2,12,7.0,348.8539690377205,1,-1.179084178062599,-1.179084178062599,-9.966946784216942,1.8089470854247338,7.0,6.0,0.0,4.0,348.8539690377205,306.0161570658164,32.70702623686302,192.51290658554365,115,244,1105,1009,334.8659789433366,1.0
2,13,7.0,325.6949161445003,1,5.189438286521958,5.189438286521958,-39.49452214202165,1.2421987479683594,7.0,4.0,5.0,1.0,325.6949161445003,196.247384492314,250.0545640579791,46.81686917171299,215,415,1465,952,92.82499917442163,1.0
2,14,0.0,7.313849166613843,1,-3.1864711516381283,-3.1864711516381283,10.500320318251973,1.5255794739277917,0.0,1.0,3.0,5.0,7.313849166613843,69.31157357771615,162.7290959592919,234.77284440704915,865,506,2292,14,96.62433625228576,1.0
2,15,7.0,343.70168190232454,0,22.244558153625725,-153.9459477629677,137.64762966529221,2.8425588825111845,7.0,3.0,6.0,2.0,343.70168190232454,159.89218781891793,282.3784278847416,117.31091805173924,1130,2345,863,1670,282.09916804609105,1.0
2,16,3.0,150.03641821421613,0,-17.74409936856123,-71.2395238130356,-138.72405797274828,1.5505571080675509,3.0,4.0,0.0,2.0,150.03641821421613,203.53184265869046,21.4501800575498,101.23717758937816,1784,727,2315,528,233.00861574672254,1.0
2,17,2.0,132.44441670958747,1,-0.39763283825495765,-0.39763283825495765,132.84204954784244,1.6089164660061215,2.0,1.0,0.0,3.0,132.44441670958747,71.4301330075385,21.830961304064914,174.5881946041477,673,2243,1876,247,272.4536632203818,1.0
2,18,6.0,298.9649053138609,1,-0.18316653185215281,-0.18316653185215281,-60.851928154286945,1.3088510077323008,6.0,0.0,7.0,2.0,298.9649053138609,30.18365386340374,346.30040352750945,114.11510464326695,636,1385,1455,193,358.98894377586754,1.0
2,19,1.0,86.29084847685587,1,9.980898094321375,9.980898094321375,76.3099503825345,1.6089424098345262,1.0,6.0,0.0,3.0,86.29084847685587,276.1474526833258,32.701980583427776,163.021764391771,991,1,285,1788,106.74616978494306,1.0
2,20,1.0,67.9052015227009,1,3.7121297319509656,3.7121297319509656,64.19307179074994,1.9840231635616874,1.0,3.0,4.0,7.0,67.9052015227009,175.76093610525243,216.52573361297848,352.8341620495089,567,1765,1449,926,213.6426749020708,1.0
2,21,2.0,94.57199908442075,1,-15.146039885958963,-15.146039885958963,109.71803897037971,1.483873772728657,2.0,3.0,7.0,4.0,94.57199908442075,174.70233654971707,341.57715338325823,223.00032094817595,2087,1934,1442,337,43.54405041719995,1.0
2,22,1.0,60.850911217278195,1,-1.0623064929955492,-1.0623064929955492,61.913217710273756,1.7338761960527336,1.0,2.0,7.0,6.0,60.850911217278195,129.07399162858732,331.43208649171197,284.05566291185687,1781,82,123,744,302.26316919225474,1.0
2,23,0.0,7.067481515875722,0,-32.498547722653996,107.56780183412769,-100.50032031825198,1.2920299990473723,0.0,5.0,6.0,7.0,7.067481515875722,227.00113195909404,275.3601275075341,324.539944318548,268,2317,1143,1304,10.319654007355407,1.0
3,0,1.0,77.04122618550682,1,3.4441941685840245,3.4441941685840245,73.59703201692278,1.4172491673743934,1.0,4.0,7.0,0.0,77.04122618550682,188.78994924039316,331.7296415414553,30.21778810053859,649,682,2054,935,145.60222003244877,1.0
3,1,4.0,208.08543333439357,1,-1.1959937266654486,-1.1959937266654486,-150.71857293894098,1.5422322753765911,4.0,7.0,3.0,2.0,208.08543333439357,338.3832379685398,149.0119214494767,96.38880313491856,585,2203,692,377,291.7092087132858,1.0
3,2,3.0,155.57274584097357,1,-3.164238656565105,-3.164238656565105,158.73698449753869,2.4841052715009937,3.0,0.0,4.0,6.0,155.57274584097357,18.359529333218376,220.04034875931785,302.1240312172755,651,870,1264,1077,135.5602215692681,1.0
3,3,7.0,321.9593309039218,0,1.6710348484940807,-100.94998331254264,62.909314216464395,1.1504847504465943,7.0,1.0,0.0,2.0,321.9593309039218,64.58034906495847,24.170112423542925,127.4674968641397,1826,650,2233,815,2.378136582245105,1.0
3,4,0.0,8.315775599281631,1,-6.027845711150471,-6.027845711150471,14.343621310432102,1.7087722639380445,0.0,1.0,7.0,3.0,8.315775599281631,78.92650341706292,321.14916114748195,140.3617084910788,1162,2096,332,893,251.3699314776724,1.0
3,5,4.0,209.45510191697448,1,-7.13021638271891,-7.13021638271891,-143.4146817003066,1.6671193056854463,4.0,2.0,3.0,5.0,209.45510191697448,96.3921571091167,141.9565130186414,252.2016200399057,875,1241,1168,1842,128.16096621160347,1.0
3,6,1.0,60.61256627242115,1,4.627068493453601,4.627068493453601,55.98549777896755,1.4172215129647157,1.0,2.0,0.0,5.0,60.61256627242115,100.90611915713566,8.020855674509226,235.58269789556599,440,629,446,1888,300.64865979951014,1.0
3,7,5.0,243.13421619588257,1,7.874260639461159,7.874260639461159,-124.74004444357857,1.7422395168396179,5.0,1.0,2.0,4.0,243.13421619588257,53.89609348622549,113.38889432971452,196.56485208788501,1482,951,1543,1598,46.48993084993134,1.0
3,8,6.0,301.25405405312426,0,-72.35754103500565,-115.05587842089598,56.30993247402022,2.875801764065727,6.0,7.0,3.0,0.0,301.25405405312426,343.9523914390146,157.4498487220098,38.207775092765445,305,1562,2350,226,244.84163399870727,1.0
3,9,5.0,227.89065015912286,0,-1.5240600046541375,-49.262914159271574,-82.8464356816056,1.317098864230502,5.0,6.0,0.0,7.0,227.89065015912286,275.62950431374026,32.63190973031645,336.685331171273,527,1903,1291,336,3.834791170638341,1.0
3,10,5.0,241.25305821330946,1,1.3748799898488002,1.3748799898488002,-120.12182177653935,1.375711103217327,5.0,3.0,6.0,4.0,241.25305821330946,148.27979986255815,293.47214196360835,191.40429320103206,72,137,724,707,213.92799399286557,1.0
3,11,1.0,82.03531754763131,0,-10.60289389791311,-120.70879455899497,-157.25588789337374,1.7422455038777116,1.0,4.0,6.0,2.0,82.03531754763131,192.14121820871313,275.44345843212363,126.56686350754235,765,2050,1275,164,21.68429309925084,1.0
3,12,7.0,357.79801129015084,0,60.88252445936554,-129.95471981636152,127.75273110651233,3.350778229308162,7.0,4.0,2.0,6.0,357.79801129015084,188.63525556587786,124.03212725798741,309.84120869369735,1626,134,587,2105,74.89650370592342,1.0
3,13,0.0,41.67184271952213,1,-0.3880570566944968,-0.3880570566944968,42.059899776216625,1.6838465174541852,0.0,3.0,4.0,2.0,41.67184271952213,148.9989661009916,199.93489933207445,101.0689210815181,1294,793,13,1896,266.2478916376251,1.0
3,14,3.0,169.9304368518974,1,-2.852183989073355,-2.852183989073355,172.78262084097076,1.5172247060509108,3.0,2.0,6.0,5.0,169.9304368518974,99.87403506619874,287.27745390067327,226.54882413173107,1762,1642,1332,1557,290.449234424523,1.0
3,15,2.0,134.75721099846606,1,-3.2007305305933786,-3.2007305305933786,137.95794152905944,1.9755671862467352,2.0,0.0,5.0,1.0,134.75721099846606,29.81707373535329,249.55932424738316,69.84113440332104,1452,2097,428,2206,109.7355003390517,1.0
3,16,2.0,124.20218365485641,1,7.532578251654906,7.532578251654906,116.66960540320149,1.6839311912663106,2.0,6.0,0.0,5.0,124.20218365485641,309.144309216574,30.192309106671438,258.1396231612336,2135,1117,668,59,50.29622426493303,1.0
3,17,7.0,347.92433382777006,1,3.2229242823594655,3.2229242823594655,-15.298590454589428,1.4838754833108396,7.0,4.0,6.0,0.0,347.92433382777006,201.47324113982907,290.7562807829449,33.16224711173127,484,1182,515,66,217.21547224380373,1.0
3,18,6.0,278.4649269443091,0,-8.020604571078639,90.71064124848627,-172.2457143041771,1.3338802444313842,6.0,3.0,1.0,7.0,278.4649269443091,179.73368112474424,68.11467583651942,329.8780987172827,1829,1362,778,1341,151.16930275688674,1.0
3,19,4.0,209.7058417294315,1,-6.836922067796996,-6.836922067796996,-143.45723620277147,1.2171931743214373,4.0,3.0,5.0,7.0,209.7058417294315,168.96284726718994,260.62587579548955,339.77076440463367,1457,1394,422,1028,201.82551336500757,1.0
3,20,2.0,119.96782983281702,1,-3.045813636808162,-3.045813636808162,123.01364346962518,1.4422219548641806,2.0,0.0,3.0,4.0,119.96782983281702,31.728105359483084,168.5977808849753,218.32825570237398,1499,1707,259,35,278.11116571727644,1.0
3,21,0.0,27.024095734886714,1,-8.087915449535494,-8.087915449535494,35.11201118442221,1.6422597017090084,0.0,1.0,4.0,6.0,27.024095734886714,68.78845604060206,202.3459841668467,290.8384463530231,2275,1060,2208,822,209.02425999845386,1.0
3,22,3.0,150.07967324996682,1,-3.67299382935989,-3.67299382935989,153.7526670793267,3.8508720262243514,3.0,5.0,4.0,1.0,150.07967324996682,259.05121870802213,201.9956211960014,63.30220040560445,321,906,575,595,55.48522568960691,1.0
3,23,6.0,271.52821283780406,1,-1.0851334375051576,-1.0851334375051576,-87.38665372469076,1.7922671997603175,6.0,0.0,7.0,5.0,271.52821283780406,33.417486751443484,329.9957031382135,227.96489725950843,1914,419,1695,1071,73.56071571814265,1.0
4,0,0.0,1.9265539327901697,1,2.642713878260578,2.642713878260578,-0.7161599454704084,1.1505987892496705,0.0,5.0,1.0,2.0,1.9265539327901697,241.8765820431715,48.92716781293266,97.01100251247868,1393,760,387,990,73.28297723152377,0.0
4,1,1.0,73.56405822509375,0,28.791171865321974,-81.38974099526347,154.9537992203572,1.108810980112139,1.0,4.0,7.0,3.0,73.56405822509375,183.7449710856792,341.8662577564164,136.23727384476598,513,1524,565,461,173.4753119300735,0.0
4,2,3.0,155.39705579834006,1,9.605037168189394,9.605037168189394,145.7920186301507,1.8088481567619965,3.0,5.0,4.0,6.0,155.39705579834006,253.96451565448132,198.18983108223546,302.6919845616297,661,2264,729,1894,267.72476329937217,1.0
4,3,4.0,186.24604021246554,1,-9.17612110627313,-9.17612110627313,-164.57783868126134,1.0004638528353098,4.0,2.0,1.0,7.0,186.24604021246554,96.1233783876727,55.88436103326599,347.8006484351809,1120,293,212,1746,223.94009703786287,1.0
4,4,3.0,165.16595335701106,0,6.885202852605263,-70.42290325905023,-124.41114338393872,1.3671670309258843,3.0,5.0,2.0,0.0,165.16595335701106,242.47405946866658,93.16622179755062,30.725325710370985,152,824,2061,2049,2.3012536324193134,1.0
4,5,7.0,331.2500899202946,0,-44.6326302110894,99.87290929668724,-128.62281937639264,1.992296678790808,7.0,4.0,2.0,5.0,331.2500899202946,186.74455041251798,134.18708182765516,234.31809891256202,1861,879,899,1157,27.713141782358232,1.0
4,6,6.0,276.4292890022654,1,0.5926604773958982,0.5926604773958982,-84.16337147513049,1.292210465455355,6.0,0.0,2.0,7.0,276.4292890022654,10.190647429776211,90.60428831921132,323.42476418061335,1518,1351,1208,2270,157.34680022809738,1.0
4,7,5.0,250.93588115410606,1,9.675676445794071,9.675676445794071,-118.73979529168805,1.0255235949134658,5.0,6.0,2.0,0.0,250.93588115410606,307.4004874733229,129.24744025598272,24.843279076832836,1467,917,2214,665,286.13517188966165,1.0
4,8,2.0,91.53396956250322,0,-14.124651272040522,88.12463354201307,3.409336020490146,1.7505837361277372,2.0,7.0,5.0,3.0,91.53396956250322,349.28468474844965,229.41735780488898,177.09967931681274,1119,984,269,811,121.5843149865163,1.0
4,9,1.0,85.45059746330162,1,8.584619769697943,8.584619769697943,76.86597769360368,1.7422626096986278,1.0,6.0,7.0,3.0,85.45059746330162,291.0356855339141,353.8675935591202,144.5422773914388,1321,958,17,2364,237.3028404005064,1.0
4,10,0.0,27.984441629214793,0,19.228004943917593,162.3296612269471,-134.34521959773232,1.4338449494207453,0.0,5.0,4.0,3.0,27.984441629214793,244.88278534618527,198.68059680731855,151.63461251849483,2052,1019,450,40,284.90117344593597,1.0
4,11,2.0,108.32372398028977,1,-12.190181999230546,-12.190181999230546,120.5139059795203,1.9255953823403615,2.0,0.0,3.0,4.0,108.32372398028977,23.881291027280604,161.0265049769879,212.51969183968657,2239,2268,2282,656,281.073732284297,1.0
4,12,0.0,16.27888890996971,0,-0.10569974235206957,-41.40149458185011,57.68038349181982,1.6672322041022198,0.0,1.0,5.0,3.0,16.27888890996971,57.57468374946775,256.8187183310358,151.45797754273943,2192,363,297,2333,231.20049277548415,1.0
4,13,7.0,347.7360890703692,1,9.714473374636361,9.714473374636361,-21.978384304267156,1.275574199633411,7.0,5.0,4.0,1.0,347.7360890703692,244.51669776705117,189.47884406380314,64.36660405477976,491,279,1334,2199,119.69803845980597,1.0
4,14,6.0,314.51696868176634,1,3.1975908547967955,3.1975908547967955,-48.68062217303046,2.467346413964151,6.0,1.0,4.0,0.0,314.51696868176634,71.54696825970535,200.42811587828794,13.58456541287797,1045,1565,922,1544,307.4040617873146,1.0
4,15,2.0,105.25284854426629,1,-5.303196675317206,-5.303196675317206,110.55604521958348,1.1589789307608953,2.0,6.0,7.0,3.0,105.25284854426629,293.46084685987955,348.4253254627507,152.82535067337108,490,2168,407,1029,327.61942163684773,1.0
4,16,4.0,186.08589003767912,1,-2.9256163130589985,-2.9256163130589985,-170.9884936492619,1.2504959262487318,4.0,6.0,3.0,1.0,186.08589003767912,278.4223959209382,138.46941579187617,60.893566890461365,993,1647,510,837,165.8225243553059,1.0
4,17,3.0,154.2341286125185,1,-0.7919604815981052,-0.7919604815981052,155.0260890941166,1.1589170647093852,3.0,5.0,1.0,4.0,154.2341286125185,267.0781362434793,71.58432871807543,209.66630881088898,1253,2195,1193,1864,111.78086102100258,1.0
4,18,5.0,234.61703581801692,1,0.4234535694038146,0.4234535694038146,-125.80641775138693,1.2254760977521073,5.0,7.0,3.0,1.0,234.61703581801692,356.9638829561011,157.5171503959412,75.65548927222041,2099,1272,254,354,105.5411646538064,1.0
4,19,6.0,308.8865240565714,1,-9.721944795994949,-9.721944795994949,-41.39153114743365,1.6172495665095994,6.0,0.0,4.0,3.0,308.8865240565714,19.404983602225865,224.8160409434937,161.2964117921366,492,2131,74,342,147.40675448680838,1.0
4,20,1.0,78.46088321263005,1,0.38687559504949004,0.38687559504949004,78.07400761758056,1.042146461176344,1.0,6.0,5.0,2.0,78.46088321263005,310.20992905568534,259.1268095284097,134.3169598194271,666,1835,1099,307,341.7762121667682,1.0
4,21,7.0,338.31082247927264,1,0.1122319656244639,0.1122319656244639,-21.80140948635181,1.483888027579269,7.0,5.0,2.0,4.0,338.31082247927264,238.12132135850842,111.05930496236545,189.22268477056392,1181,1857,1491,1656,335.7476352280099,1.0
4,22,4.0,194.0034005804316,1,-14.607059085533633,-14.607059085533633,-151.3895403340348,2.025537849764987,4.0,2.0,0.0,5.0,194.0034005804316,106.6918313454988,41.04107495952113,257.08057622472865,1384,2141,12,1920,184.69867901935893,1.0
4,23,5.0,234.35308279573835,1,0.29022668139541585,0.29022668139541585,-125.93714388565708,1.4255782765203548,5.0,4.0,6.0,7.0,234.35308279573835,191.15481810695513,290.4588188513742,334.2556371797139,772,2277,500,1038,302.1957453491085,1.0
5,0,3.0,146.72900834261557,1,0.8681937209782639,0.8681937209782639,145.8608146216373,1.1588532029791168,3.0,5.0,7.0,4.0,146.72900834261557,267.5104878685082,354.08532734171195,220.96666899985348,2055,1083,1131,1353,14.007044305138594,1.0
5,1,1.0,62.63292282611295,0,16.531469941073166,87.67912360575575,-25.04620077964279,1.48391112043646,1.0,7.0,5.0,6.0,62.63292282611295,351.4852691614304,246.74232531143275,304.62196343504723,1486,1300,1432,394,257.42044357208965,1.0
5,2,1.0,87.5208746535194,0,-36.23849888060019,-135.38387278185675,-137.09525256462385,1.2421408732752752,1.0,4.0,0.0,5.0,87.5208746535194,186.66624855477596,32.78585825418365,245.88301051898264,1881,133,2263,430,244.21661503110045,1.0
5,3,5.0,243.49106952838446,0,109.63615996870823,-93.52678277974611,-22.98214769186945,1.550654896341257,5.0,1.0,7.0,0.0,243.49106952838446,86.65401227683878,328.8739104938951,42.187831041100715,1445,1619,1862,2331,150.69217710806103,1.0
5,4,7.0,338.55673441546185,0,177.6949487776141,75.68175076436363,-97.12501634890181,1.6672436079825275,7.0,1.0,5.0,6.0,338.55673441546185,80.56993242871226,227.4537777599939,273.1404267292747,2352,702,2030,1516,279.379292836958,1.0
5,5,3.0,172.01542953093858,1,-2.5996501998062684,-2.5996501998062684,174.61507973074484,1.1005354692042602,3.0,1.0,6.0,2.0,172.01542953093858,48.27975649793489,310.05078943072624,102.78436506718818,453,884,1650,1007,205.75114218104005,1.0
5,6,6.0,283.3302268961399,1,-5.0265558367863274,-5.0265558367863274,-71.64321726707377,1.4339139428975614,6.0,4.0,5.0,1.0,283.3302268961399,189.90255371389682,239.73093773397187,62.672118872537794,864,798,48,1320,88.17852394944816,1.0
5,7,0.0,19.947601952757122,1,-6.727001250497382,-6.727001250497382,26.674603203254502,1.11717515618966,0.0,5.0,4.0,2.0,19.947601952757122,259.458192635042,214.23172570267366,104.5374822345227,2069,607,552,1483,73.8619582287811,1.0
5,8,5.0,238.11221366126836,1,10.44921289520125,10.44921289520125,-132.3369992339329,1.226443146809288,5.0,6.0,2.0,3.0,238.11221366126836,301.9837210060859,94.75625290571428,139.5046984034628,343,1139,249,1678,169.66442332834404,1.0
5,9,2.0,123.50333145200898,1,-11.661785611102104,-11.661785611102104,135.16511706311107,1.475354788974073,2.0,4.0,7.0,5.0,123.50333145200898,215.9670877233318,326.7561158027036,267.5294472758707,276,2221,456,2289,84.23702785221883,1.0
5,10,4.0,196.59633588583483,1,-0.3698122227013303,-0.3698122227013303,-163.03385189146383,1.5089032945243162,4.0,7.0,5.0,1.0,196.59633588583483,359.47137593406575,264.9569268757387,87.4550868630403,2205,1750,1361,223,259.17674755767536,1.0
5,11,3.0,163.30416500576263,1,-0.31990087688176727,-0.31990087688176727,163.6240658826444,1.558978588644095,3.0,2.0,4.0,6.0,163.30416500576263,114.45772467037801,219.2012985570004,270.86114816708346,1186,2148,1091,172,19.33985510479065,1.0
5,12,0.0,38.19802306625375,1,-0.05280214417659967,-0.05280214417659967,38.25082521043035,2.409021837860564,0.0,3.0,7.0,6.0,38.19802306625375,142.2971503399628,339.4913468370677,282.83657127937136,1400,1154,350,1206,215.65303595381033,1.0
5,13,6.0,306.78456246780365,1,-11.423349227746954,-11.423349227746954,-41.792088304449436,1.2422520611080472,6.0,1.0,5.0,7.0,306.78456246780365,54.27258941743421,227.8488047224273,348.595625979405,946,1335,1935,1635,166.32531191102382,1.0
5,14,2.0,91.54667860054577,0,43.25327669349712,143.29585339011544,-51.74917478956965,0.9838050643493261,2.0,7.0,6.0,3.0,91.54667860054577,351.5041019039275,297.4253860392384,172.53355305042606,1607,1365,534,781,340.53780442470344,1.0
5,15,4.0,217.23029955345248,1,1.6926217614781125,1.6926217614781125,-144.46232220802563,1.15054690159468,4.0,1.0,3.0,2.0,217.23029955345248,46.45162643918839,167.5891946460971,105.68269985441034,1852,895,198,2227,239.32882867506368,1.0
5,16,5.0,256.08224435400166,1,7.975917495730069,7.975917495730069,-111.89367314172843,1.4755691819254935,5.0,1.0,7.0,3.0,256.08224435400166,82.8898627912601,333.9367867090522,173.5702499362779,483,89,2101,1215,17.501440023485433,1.0
5,17,0.0,15.298905043144353,1,-8.303388889239924,-8.303388889239924,23.602293932384278,1.8006042916222214,0.0,6.0,7.0,2.0,15.298905043144353,279.1922774953534,320.27948739211104,116.4843964363793,466,1787,605,1055,224.26444877579206,1.0
5,18,4.0,200.82291044854028,1,-3.3518715090944955,-3.3518715090944955,-155.82521804236526,1.3754776087662322,4.0,1.0,3.0,5.0,200.82291044854028,78.63068914412293,141.62792365202006,257.6675107644439,1723,965,2178,886,348.7135147321698,1.0
5,19,7.0,349.2850493911239,1,4.028612227594639,4.028612227594639,-14.743562836470735,1.4255261037678792,7.0,0.0,3.0,6.0,349.2850493911239,33.87018149405817,158.76583719285523,282.98336386166665,1897,2019,2280,2029,315.79302418363005,1.0
5,20,2.0,127.3406255796134,1,-12.60697327937638,-12.60697327937638,139.9475988589898,1.5922157682589386,2.0,5.0,3.0,0.0,127.3406255796134,238.5222410285063,176.7032269742141,26.184399731909433,2231,2156,8,1512,254.7995478950237,1.0
5,21,7.0,341.6306089567538,1,6.60451986263723,6.60451986263723,-24.9739109058834,1.3505490113120686,7.0,4.0,5.0,0.0,341.6306089567538,183.78508362606368,265.9589051783295,29.32454927751089,589,737,1947,940,50.008259323603504,1.0
5,22,6.0,282.90352237745094,1,-10.487766219665282,-10.487766219665282,-66.60871140288378,1.1264020358212292,6.0,4.0,3.0,2.0,282.90352237745094,208.42921569319725,157.9020149791094,106.01523574374583,1537,2090,1992,280,239.72297708492937,1.0
5,23,1.0,89.14018014800726,0,-2.23437160032057,139.98743558928047,-50.84725544127322,1.1921020715717532,1.0,6.0,2.0,4.0,89.14018014800726,306.9183729584062,134.95039428888106,221.60217903054198,715,977,872,1142,203.9977979656165,1.0
6,0,1.0,49.4680119435243,1,-4.556528682698424,-4.556528682698424,54.02454062622273,0.9504968955789082,1.0,2.0,0.0,5.0,49.4680119435243,93.29105650182674,7.563951429334004,228.24459888715074,1240,1254,2115,1900,47.08335653126013,1.0
6,1,0.0,30.08203219262045,0,-13.312593261136678,-54.93796821106856,85.02000040368901,1.4505080143617306,0.0,1.0,2.0,7.0,30.08203219262045,71.70740714255233,124.1158249356181,315.95909708730625,408,1280,43,405,216.87293853946252,1.0
6,2,0.0,36.6230178273337,1,1.7820738231804958,1.7820738231804958,34.8409440041532,1.1087579520681174,0.0,1.0,7.0,5.0,36.6230178273337,87.62020850370507,316.05336396279824,227.48350888626373,819,1693,1251,912,121.07151409559009,1.0
6,3,7.0,333.48786874345257,1,4.0487080108240825,4.0487080108240825,-30.56083926737153,1.5839108923591994,7.0,4.0,6.0,0.0,333.48786874345257,219.85437733819063,288.05181753842294,28.860325909665633,1773,1839,1115,2362,209.19217385854913,1.0
6,4,2.0,94.82465454943771,0,154.97079844655522,-125.54877474119078,-139.62657070937152,1.1838767377375916,2.0,0.0,3.0,4.0,94.82465454943771,15.344227737183699,138.6233290214764,205.8712277072988,1644,1359,771,417,324.0526312033227,1.0
6,5,1.0,86.28187092606379,1,7.591803400083999,7.591803400083999,78.69006752597979,1.0005083279684186,1.0,3.0,4.0,0.0,86.28187092606379,140.54043326838283,213.44169659693216,18.486110217918288,711,942,421,1976,98.17638319188923,1.0
6,6,6.0,295.89701497074316,1,-8.514128413195559,-8.514128413195559,-55.58885661606128,1.2255510782651982,6.0,7.0,4.0,2.0,295.89701497074316,340.7193682446156,212.92196456573026,128.20563551767523,381,1050,1478,227,160.11953189367728,1.0
6,7,7.0,353.98546331458977,0,-101.00637502712804,162.62742356428996,-168.64196024970022,1.7505828808371007,7.0,2.0,3.0,4.0,353.98546331458977,90.35166472317175,136.8355619032755,190.99976337650384,653,358,800,2354,9.107417521880418,1.0
6,8,7.0,325.8033348279443,1,4.316513128281134,4.316513128281134,-38.513178300336804,0.8588105524668208,7.0,0.0,4.0,6.0,325.8033348279443,37.83437402864244,194.8828612576037,272.295354638511,371,1417,1794,274,189.84050247219713,1.0
6,9,5.0,241.63093081651326,1,1.8371672514926085,1.8371672514926085,-120.20623643497935,1.6590661704458398,5.0,1.0,7.0,2.0,241.63093081651326,60.21807691207883,324.0541418990898,128.118598331788,2210,1694,927,1337,336.8179177829062,1.0
6,10,1.0,46.43085274354478,0,-116.04252230665318,-162.32876579017773,-151.2403814662775,1.5505334450153896,1.0,2.0,7.0,4.0,46.43085274354478,92.7170962270693,325.34746397222636,219.58254050831863,1701,1909,1919,1184,184.42779047068433,1.0
6,11,4.0,216.80581440943683,0,9.305109910632693,-51.50950127266692,-91.68468431789628,0.9421478296417263,4.0,6.0,0.0,3.0,216.80581440943683,277.6204255927364,40.649893320315336,150.86500646177564,538,1866,101,54,188.5108871497039,1.0
6,12,2.0,94.38359442248658,1,-11.087733743033565,-11.087733743033565,105.47132816552015,0.9004885992553682,2.0,6.0,3.0,1.0,94.38359442248658,311.02935198446295,156.06387761713717,52.384117291053265,821,0,37,370,38.62919882745473,1.0
6,13,5.0,243.7138667032895,1,74.44016116941471,74.44016116941471,169.2737055338748,1.7756024242371495,5.0,7.0,3.0,2.0,243.7138667032895,340.45962375954883,179.29502188921336,108.54613369714802,1490,2070,2044,1796,124.08129192476301,1.0
6,14,2.0,118.7976431860012,1,-9.67781634930055,-9.67781634930055,128.47545953530172,1.2255393892883149,2.0,5.0,7.0,0.0,118.7976431860012,240.11168585744218,337.24081842324324,39.57286440450006,1797,347,1107,386,265.5045477768217,1.0
6,15,4.0,196.00459600654355,0,62.560753337388014,142.62319798517862,53.38139802136494,0.9754722489424239,4.0,2.0,0.0,1.0,196.00459600654355,115.94215135875295,0.01802261775050551,67.89950354672658,228,1266,45,1122,110.89157477620128,1.0
6,16,4.0,199.3892094223136,1,-7.960666357756287,-7.960666357756287,-152.65012421993012,1.000500915446537,4.0,5.0,1.0,7.0,199.3892094223136,263.2899738678473,64.9559025226764,325.9385621515832,1755,2286,1717,1468,90.82275210184108,1.0
6,17,3.0,166.26114948840987,1,3.470707008957749,3.470707008957749,162.7904424794521,2.542337761269664,3.0,0.0,1.0,5.0,166.26114948840987,14.779367906811503,79.11290839941505,257.9683845815075,1078,1962,207,878,21.546524101676845,0.0
6,18,5.0,245.3839078415896,1,-1.3215289045159808,-1.3215289045159808,-113.29456325389444,1.5921966667592642,5.0,0.0,1.0,6.0,245.3839078415896,38.03241077095221,88.91633487408862,288.85147955874106,931,2000,985,1121,38.98118830807795,1.0
6,19,3.0,169.49546313211863,1,3.589059713534848,3.589059713534848,165.90640341858378,0.8421571808239605,3.0,2.0,6.0,1.0,169.49546313211863,105.40151775855192,314.9573980280732,46.094778453321304,983,869,994,2323,167.44159529107665,0.0
6,20,0.0,13.03441845627762,1,-6.458643454873378,-6.458643454873378,19.493061911151,1.6505751261975092,0.0,7.0,5.0,1.0,13.03441845627762,316.1273694311071,225.77658353159424,68.59243085187832,1411,150,69,1379,170.9496030507985,1.0
6,21,6.0,277.5149911772523,1,-2.17945310794195,-2.17945310794195,-80.30555571480582,1.092102584746499,6.0,1.0,2.0,7.0,277.5149911772523,52.49716121215471,132.27639208013684,322.43807039629644,1235,1786,49,524,5.575273085209358,1.0
6,22,3.0,149.84232964229835,1,1.7194197833020581,1.7194197833020581,148.12290985899628,1.6420994771888218,3.0,4.0,1.0,5.0,149.84232964229835,220.87527658467135,79.00049682514178,263.0274232989825,1200,1433,97,588,358.5281136045767,1.0
6,23,6.0,283.05518357748696,1,-6.488577373195002,-6.488577373195002,-70.45623904931806,1.1671751846997722,6.0,5.0,3.0,2.0,283.05518357748696,229.68266680014216,137.2587112180534,92.27846771937993,471,1942,1352,1125,219.92342196987073,1.0
7,0,0.0,27.3956894558166,1,1.1670088536487349,1.1670088536487349,26.228680602167866,1.1256291378267633,0.0,5.0,7.0,2.0,27.3956894558166,237.79490985618875,340.2023413089936,117.99511798791784,1957,801,1095,2184,84.87651319433947,1.0
7,1,3.0,149.6789561391886,0,-7.362531223335199,47.86280906634935,101.81614707283927,1.5339433649087368,3.0,2.0,4.0,6.0,149.6789561391886,94.45361584950408,223.10517065884733,273.7816387392686,1085,1434,1435,296,166.14234074217225,1.0
7,2,5.0,253.05661262112903,1,8.245135479582006,8.245135479582006,-115.188522858453,1.0504792765841557,5.0,6.0,1.0,0.0,253.05661262112903,314.49538492467826,83.54542851169711,10.2899894999949,1739,1752,1682,2139,154.1634356054618,1.0
7,3,6.0,285.4660059583749,1,-4.623519050946102,-4.623519050946102,-69.91047499067896,1.5171768097525273,6.0,5.0,7.0,1.0,285.4660059583749,239.32305011594877,331.6000892630446,59.76770053314526,1993,2216,1415,962,292.32219886220184,1.0
7,4,2.0,130.77052483378299,1,-4.572559565740541,-4.572559565740541,135.34308439952352,1.1838396751263645,2.0,1.0,5.0,6.0,130.77052483378299,46.95946373535366,226.36284167319027,289.49996032238295,1584,959,2244,698,277.1852148168318,1.0
7,5,2.0,120.33429523306279,0,33.20267106367991,126.67448697897268,-6.340191745909908,1.4423325725047107,2.0,0.0,6.0,7.0,120.33429523306279,26.86247931777,301.6899395207086,344.31006794386286,554,1761,830,9,315.6844946328966,1.0
7,6,5.0,260.9182705191911,1,8.300659400418976,8.300659400418976,-107.38238888122791,0.7920867333532442,5.0,4.0,7.0,3.0,260.9182705191911,219.75496264897694,321.24043792141686,146.99918043506796,118,597,1373,2016,260.1880674734004,1.0
7,7,7.0,333.6892988017751,0,-163.9518061066074,113.43835027649045,-139.74905147471532,1.0838310651961365,7.0,1.0,6.0,4.0,333.6892988017751,56.299142418677306,282.8734668360061,221.73563531229155,131,2348,1817,252,177.06523398073267,1.0
7,8,0.0,18.36400068855496,1,-1.491213680766095,-1.491213680766095,19.855214369321057,1.1922246632866518,0.0,3.0,5.0,4.0,18.36400068855496,166.86307725687968,269.0727761446668,211.5275725612332,2237,1346,1246,175,222.58075009543802,1.0
7,9,1.0,65.42027616626362,1,2.1932965915722127,2.1932965915722127,63.22697957469141,1.0421484568551023,1.0,4.0,2.0,7.0,65.42027616626362,201.702940098559,129.72368967977582,323.2264057211413,901,1328,2067,975,23.75608566953854,1.0
7,10,3.0,145.07993054864912,1,2.56234197636758,2.56234197636758,142.51758857228154,3.017443375457333,3.0,5.0,1.0,4.0,145.07993054864912,268.72079278146106,74.74452305762759,207.9361529189566,1484,783,157,2005,199.30566405083363,1.0
7,11,6.0,301.5081796945019,1,0.5444231624283946,0.5444231624283946,-59.03624346792648,1.0254942299216054,6.0,5.0,0.0,7.0,301.5081796945019,258.1402094050105,39.396949268056886,353.78102553795014,2301,1405,1160,1134,37.04474333679891,1.0
7,12,7.0,332.09957915951884,0,6.376200353014481,106.77217826867447,-134.6725991091556,1.309034610206254,7.0,5.0,0.0,3.0,332.09957915951884,231.70360124385886,40.90665165874367,154.80604543916706,2346,1603,2077,640,322.2974031174264,1.0
7,13,1.0,56.583193658072744,1,-9.78742861127044,-9.78742861127044,66.37062226934319,1.0504878294932496,1.0,0.0,5.0,3.0,56.583193658072744,10.036739486939599,261.81415077988305,147.54012759877938,2038,1097,1729,622,5.529588515731758,1.0
7,14,4.0,223.48344236576554,1,6.0780857343569465,6.0780857343569465,-142.59464336859145,1.0421906512128771,4.0,6.0,1.0,7.0,223.48344236576554,274.68858236905794,75.22216390933735,332.2444140882876,1036,1793,210,1922,324.7811258009144,1.0
7,15,0.0,39.53814947666121,1,-0.861754857075519,-0.861754857075519,40.39990433373673,0.9921755125615164,0.0,7.0,4.0,3.0,39.53814947666121,315.3110325462606,212.61803189942918,143.95688914508654,1889,828,620,73,19.14188864286547,1.0
7,16,4.0,196.75055698674277,1,-0.6318318944851163,-0.6318318944851163,-162.6176111187721,1.3505977629010886,4.0,2.0,5.0,3.0,196.75055698674277,90.69164455948982,248.6859645513685,151.1110061617019,380,378,2165,44,43.86929193214013,1.0
7,17,6.0,306.94631673609643,1,-1.1007257957296308,-1.1007257957296308,-51.95295746817392,1.3838893960446512,6.0,2.0,0.0,4.0,306.94631673609643,131.7029446314654,39.52952105642433,196.36037301637478,87,767,100,10,46.69871351450529,1.0
7,18,4.0,202.66358939089355,0,-5.838747508179317,179.7397234717169,22.923865919176645,1.4004714934353615,4.0,0.0,3.0,2.0,202.66358939089355,17.085118410997328,161.50231750179873,104.16708245800956,1948,132,410,1907,267.7211314473308,1.0
7,19,1.0,76.34251272304196,1,0.902788342398837,0.902788342398837,75.43972438064313,1.900643692029007,1.0,2.0,3.0,7.0,76.34251272304196,119.78254291060273,162.69673421212204,316.56448315366174,2119,1043,1508,525,160.79401684299967,0.0
7,20,7.0,332.2128938286477,1,2.163030366575034,2.163030366575034,-29.950136537927346,1.0337874168444614,7.0,5.0,4.0,3.0,332.2128938286477,234.3025286006279,187.30864298416785,144.97065640227896,1408,2200,757,1847,40.623107413844124,1.0
7,21,2.0,90.29103254799178,1,-5.034708076775952,-5.034708076775952,95.32574062476773,0.8088299105538681,2.0,3.0,0.0,4.0,90.29103254799178,140.25576574790117,20.039198081620277,219.97713800635847,2146,375,25,2179,56.217292400003835,1.0
7,22,3.0,142.4032219826081,1,-0.8195919079667979,-0.8195919079667979,143.2228138905749,1.1671674870804054,3.0,1.0,6.0,4.0,142.4032219826081,73.73328079639737,272.4681418251931,222.03760740239517,2276,578,1262,1466,325.19585297751354,1.0
7,23,5.0,258.6877009606672,0,-1.197843380533659,44.166314080194525,-145.4786131195273,1.9589879398263292,5.0,4.0,1.0,7.0,258.6877009606672,213.32354349993906,66.91998088343581,319.427834606763,615,319,2150,2047,38.61953581581456,1.0
8,0,2.0,93.20590900943847,0,-165.13949189100344,149.9882341439008,-56.78232513446232,1.1838325477010585,2.0,3.0,4.0,7.0,93.20590900943847,138.07818297453426,224.7007360391665,319.7968110891678,642,168,1771,894,266.84012431170663,1.0
8,1,7.0,345.5783953495329,1,3.9340969484206,3.9340969484206,-18.355701598887702,0.9754930610233714,7.0,1.0,5.0,3.0,345.5783953495329,83.23168539542968,260.32456986745217,157.85087269954363,1201,1214,2142,2145,239.67453031948781,0.0
8,2,5.0,268.4507030575935,1,8.619831392084155,8.619831392084155,-100.1691283344907,1.0421034115279326,5.0,7.0,4.0,3.0,268.4507030575935,346.5331743204621,200.5620598800406,135.14071677540383,2074,1530,739,1133,165.0593523567694,1.0
8,3,7.0,339.06240227179376,1,7.204003504055499,7.204003504055499,-28.141601232261724,1.2840176326799337,7.0,6.0,2.0,3.0,339.06240227179376,297.2326169457102,103.55238915028174,166.00933084442323,1349,1629,1853,2114,144.4075033369529,1.0
8,4,7.0,319.71459785631674,0,4.249385865260717,-125.64336433017571,85.35796218649249,1.6254714791803053,7.0,1.0,4.0,0.0,319.71459785631674,89.6073480517532,183.51023892347152,10.321139840756953,570,1191,677,362,298.5132567845735,1.0
8,5,5.0,235.7073113987842,1,5.572783963749728,5.572783963749728,-129.8654725649655,1.0671953695691627,5.0,2.0,6.0,4.0,235.7073113987842,110.53038713089454,296.5022902209384,190.03380971043913,1510,30,2072,496,140.80946681995553,1.0
8,6,6.0,295.1534391603339,0,1.4081018391782325,-104.98559566656769,40.13903482690155,1.7922349837981528,6.0,0.0,4.0,1.0,295.1534391603339,41.54713666607979,194.6585695897806,86.4983691870838,1595,488,188,334,173.48246941592447,1.0
8,7,5.0,250.4673735718734,1,135.2417278737492,135.2417278737492,115.22564569812421,2.1672436079825275,5.0,6.0,3.0,1.0,250.4673735718734,311.5576866647727,163.52778289654916,53.227348732396536,1399,807,309,1343,114.79989837655555,1.0
8,8,2.0,122.32779903607523,1,-1.104761102325649,-1.104761102325649,123.43256013840089,0.8754414014456415,2.0,0.0,5.0,1.0,122.32779903607523,6.590385807797031,254.08478203301212,59.9959206289675,395,1882,1123,1363,115.42587909712903,1.0
8,9,3.0,139.00692197474532,1,-4.5400380325989005,-4.5400380325989005,143.5469600073442,1.6923558079106442,3.0,6.0,5.0,7.0,139.00692197474532,289.1721757933161,234.91352014409006,343.37324829464404,233,391,2162,1975,198.2876674400612,1.0
8,10,4.0,208.72947615018927,1,-1.5440031840192059,-1.5440031840192059,-149.72652066579153,1.4171935734575527,4.0,3.0,1.0,7.0,208.72947615018927,140.31938501424276,79.85895881059731,341.6159047088462,632,367,536,68,53.09210540385746,1.0
8,11,0.0,7.3001398138710325,1,2.1269709346644325,2.1269709346644325,5.1731688792065995,0.9337890704073288,0.0,4.0,2.0,5.0,7.3001398138710325,185.18251594431928,127.02934051516701,265.0244195598707,283,2112,1556,335,322.6331116526508,1.0
8,12,1.0,75.48883553105892,1,4.835576546223364,4.835576546223364,70.65325898483556,1.4338925606216435,1.0,6.0,7.0,5.0,75.48883553105892,296.71054618625146,349.75077594646416,229.39434984981366,1641,220,2161,2285,320.0931486519963,1.0
8,13,3.0,138.69114123256895,0,5.276637161550727,-135.29433738048274,-86.01452138694832,1.1171628970187157,3.0,6.0,1.0,0.0,138.69114123256895,279.2621157746024,81.83153685438597,27.48034446960882,1303,1456,1495,369,315.95943699786767,1.0
8,14,6.0,289.12670417932185,1,-11.164991920995455,-11.164991920995455,-59.70830389968275,0.8505219270964517,6.0,1.0,2.0,0.0,289.12670417932185,65.62258795172615,105.91296079522023,12.78583808764849,1816,1721,2021,804,318.66482012621157,1.0
8,15,0.0,38.91791582701763,1,-1.4287325857139774,-1.4287325857139774,40.34664841273161,0.7922344136031825,0.0,6.0,2.0,4.0,38.91791582701763,311.22931472361887,121.80495574185447,222.51499836050203,224,1371,861,1696,16.39507813496559,1.0
8,16,4.0,222.2511613139641,1,-0.9538319486995285,-0.9538319486995285,-136.79500673733634,0.8920351878132351,4.0,3.0,7.0,0.0,222.2511613139641,135.03187500574734,343.4923966753189,36.60302277040949,1740,1687,2080,1101,262.72448389974954,1.0
8,17,1.0,59.871217543762576,1,3.764220866390279,3.764220866390279,56.106996677372294,0.9504780791758094,1.0,3.0,6.0,4.0,59.871217543762576,146.25242011771954,281.3976677308643,210.8670194314108,2194,997,102,2325,134.74477305651425,1.0
8,18,0.0,15.642164139302176,0,-18.321613753238434,162.9501799567301,-147.30801581742793,2.5756519170772663,0.0,4.0,1.0,6.0,15.642164139302176,194.37037042933363,69.74491489498608,303.4791799562561,473,2004,1970,1265,261.1894492581127,1.0
8,19,4.0,186.82538486878786,0,3.823758644946164,-121.31859107600683,-51.856024055205324,1.4421814710894978,4.0,6.0,5.0,1.0,186.82538486878786,311.96773458974087,242.64296118427436,67.74009005722036,240,1048,716,1462,181.87299979463978,1.0
8,20,1.0,48.42089441202148,1,1.0349503816326622,1.0349503816326622,47.38594403038882,1.4255075724622657,1.0,4.0,6.0,7.0,48.42089441202148,205.89528311229915,286.9328662677811,358.66121751390244,2299,700,1380,877,197.81738013242887,1.0
8,21,6.0,298.79436020994774,1,-9.611124757824294,-9.611124757824294,-51.59451503222798,1.5172187190137265,6.0,5.0,2.0,0.0,298.79436020994774,248.91546784323805,107.00313609154924,9.02200057807474,718,1111,1910,1933,227.21782143340644,1.0
8,22,3.0,166.65112691188867,1,0.6873703798151639,0.6873703798151639,165.96375653207352,1.217207144074564,3.0,4.0,2.0,7.0,166.65112691188867,222.87740421433412,93.9778424284904,348.89151092327575,1714,1018,660,766,122.906978323314,1.0
8,23,2.0,125.70948291572407,1,-0.7919582047822608,-0.7919582047822608,126.50144112050633,1.1588714491881547,2.0,5.0,0.0,1.0,125.70948291572407,225.26145959620456,0.056678302835361793,72.1152720262111,933,278,748,988,123.93132724094957,1.0
9,0,1.0,45.98431006756143,1,4.370644396345123,4.370644396345123,41.61366567121631,1.2921773942016443,1.0,2.0,4.0,7.0,45.98431006756143,104.78844188908407,183.38680924256988,327.83469909787823,2329,1631,1880,2125,242.31035163278187,1.0
9,1,3.0,160.8781127272259,1,3.7686643834742406,3.7686643834742406,157.10944834375167,1.4088832807137806,3.0,6.0,2.0,5.0,160.8781127272259,285.05863366897853,115.70802030259777,227.4091030277422,925,2251,670,107,331.31806636451506,1.0
9,2,7.0,338.2457343243764,1,2.6122100722181454,2.6122100722181454,-24.366475747841776,1.1673108908762515,7.0,6.0,0.0,3.0,338.2457343243764,271.08325108482205,23.7104430713571,150.6718309064239,1549,1245,1580,406,243.59565771542265,0.0
9,3,3.0,148.9799237787808,1,6.044373408691984,6.044373408691984,142.9355503700888,1.192115471130819,3.0,4.0,7.0,0.0,148.9799237787808,221.61621842940806,319.71637071030045,25.291346516684012,526,147,2185,1061,5.144474092110856,1.0
9,4,6.0,271.1757827925152,1,-4.5585451321575,-4.5585451321575,-84.26567207532733,0.742110082797808,6.0,2.0,0.0,7.0,271.1757827925152,105.33132009165979,32.48653031283657,343.27293910339495,144,135,359,1090,206.50568384144077,1.0
9,5,5.0,238.23502746562792,1,-1.204133267000565,-1.204133267000565,-120.56083926737153,1.3920745312007057,5.0,4.0,6.0,7.0,238.23502746562792,196.74145310623348,293.29969247016857,346.157014621645,831,989,1218,1658,63.70462804330196,1.0
9,6,0.0,24.392910364968046,0,122.29202678795797,-41.56976947159615,65.9626798365642,1.1421887125525245,0.0,4.0,1.0,7.0,24.392910364968046,188.25470662452216,68.29583457295756,334.3364891924312,189,1065,773,1194,186.45136158810467,1.0
9,7,6.0,312.58584678223804,1,2.4356906840208707,2.4356906840208707,-49.84984390178282,4.550959950141987,6.0,1.0,0.0,2.0,312.58584678223804,73.79358724165171,3.2003205881368677,122.99835047218997,2363,2334,1513,1890,213.99884084705448,0.0
9,8,1.0,47.58909291205946,1,-4.993930951618666,-4.993930951618666,52.58302386367813,1.4590252875350416,1.0,7.0,3.0,6.0,47.58909291205946,338.6188350337694,167.14116581235785,295.22503825583476,258,1220,518,1016,43.50007366375378,1.0
9,9,7.0,334.77770497418055,1,-1.8927429584958784,-1.8927429584958784,-23.329552067323597,1.1255592890593107,7.0,1.0,5.0,4.0,334.77770497418055,75.2815705775764,247.29329944955086,191.29850866211916,736,292,1978,603,323.57147427679195,1.0
9,10,7.0,325.5336470210998,1,-3.210060362579265,-3.210060362579265,-31.256292616320945,1.6088722759686789,7.0,2.0,3.0,4.0,325.5336470210998,116.86147052791836,168.63260323833018,214.58203303954016,1757,142,1084,156,109.46668868849031,1.0
9,11,0.0,16.25748106230964,1,-3.04432537418379,-3.04432537418379,19.30180643649343,1.7088680565339018,0.0,7.0,4.0,2.0,16.25748106230964,333.082784343684,222.18579895649745,116.17357047107753,313,814,745,676,50.20257198967561,1.0
9,12,4.0,215.80162795793066,1,-4.961977243010526,-4.961977243010526,-139.23639479905884,1.2755442644465802,4.0,7.0,3.0,1.0,215.80162795793066,321.7160422180216,172.71976938772963,60.12600958176918,2037,2166,56,2075,36.311295985369604,1.0
9,13,5.0,266.46407334856,1,-0.1552943881228043,-0.1552943881228043,-93.3806322633172,1.8422695090466732,5.0,7.0,0.0,2.0,266.46407334856,319.3960451893864,5.1455619111746085,128.99404858804994,835,53,619,1550,112.72376841049618,1.0
9,14,4.0,221.7168123283708,0,-11.522258042130575,-88.46242159353658,-49.82076607809265,1.0338284708122956,4.0,6.0,3.0,2.0,221.7168123283708,298.6569758797768,178.01674958740196,122.28970948561039,1209,425,1319,1727,281.696355347191,1.0
9,15,4.0,197.95992015437525,1,-9.024105488965432,-9.024105488965432,-153.01597435665929,1.5265892875377176,4.0,1.0,5.0,7.0,197.95992015437525,68.06439326194183,243.65889520979965,359.1097194747713,393,1450,720,2071,327.37846059470803,1.0
9,16,3.0,141.09123545578822,1,1.4833269062961871,1.4833269062961871,139.60790854949204,2.567338488268433,3.0,5.0,1.0,0.0,141.09123545578822,267.27010784470326,88.64802078678781,10.512567912420582,1552,1676,1963,743,20.77423037022846,1.0
9,17,2.0,127.23712616539328,0,24.987109186912857,-94.57373791987335,-138.18913591473338,2.950637448406269,2.0,5.0,7.0,0.0,127.23712616539328,246.7979732721795,325.1097952377417,30.051348530212838,1267,776,185,750,252.45912524227592,1.0
9,18,2.0,109.41831441518082,1,-5.540733772614932,-5.540733772614932,114.95904818779574,1.333861428029195,2.0,3.0,0.0,4.0,109.41831441518082,155.59133317132859,22.039439300927487,221.95443683747905,1388,1176,1213,598,198.80134216320988,1.0
9,19,5.0,228.8753429065761,1,3.3856473134468112,3.3856473134468112,-134.51030440687074,1.400479476151304,5.0,7.0,6.0,0.0,228.8753429065761,344.40335529009224,298.04824813182995,24.939328312900543,320,439,1952,1238,148.49511010423038,1.0
9,20,0.0,9.293026852616359,0,8.776001571152346,113.44643944046777,-104.15341258785142,1.6505144005350303,0.0,5.0,2.0,3.0,9.293026852616359,264.62258898330094,95.12040360560471,162.37866980403797,299,270,2151,2336,97.26495520767642,1.0
9,21,2.0,115.44527125830764,0,2.4433991034880913,-159.04908639432432,-85.50564234736801,1.4839439065945044,2.0,6.0,7.0,0.0,115.44527125830764,276.9377567561201,325.8942405406347,10.333902845441497,1460,209,1705,2219,98.18746166434615,1.0
9,22,6.0,272.60672415981867,1,-11.314236205102093,-11.314236205102093,-76.07903963507925,1.4422960800875444,6.0,5.0,7.0,0.0,272.60672415981867,230.10403563381252,350.085961348296,43.65794118882018,1273,317,2092,2186,118.62177373954732,1.0
9,23,1.0,49.10240154673341,0,7.112481725000636,169.51809154772218,-120.41569000098877,1.4588413999645127,1.0,5.0,6.0,7.0,49.10240154673341,246.69679172401186,292.2831114262806,352.4090156765396,846,502,2058,493,199.22342678772395,1.0
10,0,4.0,202.61962334087912,1,-0.9957729894907411,-0.9957729894907411,-156.3846036696301,1.1588443649725377,4.0,1.0,2.0,7.0,202.61962334087912,59.60180777115011,131.00344070730884,335.43486477592404,735,2064,923,1046,301.9091597372417,1.0
10,1,7.0,344.8005293707948,1,-0.38005287741518506,-0.38005287741518506,-14.819417751790043,1.1672119622144237,7.0,2.0,0.0,5.0,344.8005293707948,100.20868607313973,31.06087700471893,242.82671361482434,1366,1260,411,2171,217.96960370126587,1.0
10,2,3.0,140.474214918789,0,8.830785513237734,-89.77958783247328,-129.74619724873773,2.0422875841959467,3.0,5.0,6.0,7.0,140.474214918789,239.08458826449998,300.1295007506443,343.70956996481783,470,1498,648,125,57.272932826004464,1.0
10,3,7.0,351.7126561541712,0,-3.4788833749913013,77.29614048594358,-85.58348433177238,0.8337793200880697,7.0,6.0,4.0,3.0,351.7126561541712,270.93763229323633,201.03747341743002,136.13301759379328,2089,1212,2086,1031,284.59686238452883,1.0
10,4,7.0,352.13017576214804,0,-12.379514878328171,-135.34600379921332,127.47617956136138,1.5757003835697105,7.0,2.0,5.0,3.0,352.13017576214804,115.0966646830332,236.61720726126535,178.1723387373593,1426,582,562,1179,233.3744388447753,1.0
10,5,2.0,91.28253718803326,1,-5.057654557876671,-5.057654557876671,96.34019174590993,0.9670616020521265,2.0,1.0,7.0,3.0,91.28253718803326,45.069391240627546,339.923218352911,170.62257473188743,533,34,191,2173,24.61253572602395,1.0
10,6,3.0,151.19706459874425,1,1.1710132589802924,1.1710132589802924,150.02605133976397,2.550762663011483,3.0,6.0,4.0,5.0,151.19706459874425,299.4510643511617,193.25644484426746,240.92611166167126,2116,141,817,1354,268.0633898162605,1.0
10,7,3.0,171.4606705363637,1,0.5785332901594746,0.5785332901594746,170.88213724620422,1.217268154836347,3.0,6.0,4.0,2.0,171.4606705363637,312.0235032503978,218.67495610628828,95.98844153835506,1640,1525,1767,384,99.04671161809456,1.0
10,8,2.0,134.1252604003073,1,1.930015731170556,1.930015731170556,132.19524466913674,1.6672279276463087,2.0,1.0,0.0,6.0,134.1252604003073,72.73034467125183,2.4739202921720125,277.83966617714503,1013,624,1500,93,199.8912181825488,1.0
10,9,4.0,207.31630690445064,0,2.7559434195915418,93.71401297206636,113.6022939323843,2.675736647908707,4.0,2.0,6.0,0.0,207.31630690445064,116.35823735197583,296.74246357274257,13.402932653009456,264,1020,2026,1124,170.73613099821426,1.0
10,10,6.0,283.2320773609394,1,-9.016946296272941,-9.016946296272941,-67.75097634278764,1.9090500624643028,6.0,7.0,2.0,1.0,283.2320773609394,330.73121846187746,119.48909703720568,77.02763177399328,617,1928,511,1425,239.53345087215254,1.0
10,11,1.0,72.18925710992698,1,2.7166257655820782,2.7166257655820782,69.4726313443449,1.584827479246087,1.0,5.0,0.0,6.0,72.18925710992698,246.30439972818652,14.559531968496863,297.61728380368044,1377,803,1024,113,247.76870316242437,1.0
10,12,0.0,43.96984173158766,0,-54.03261093968699,-97.33280363731596,141.30264536890363,2.1424031055048545,0.0,1.0,3.0,4.0,43.96984173158766,87.27003442921662,137.37180899279588,199.9179435452998,564,2,1725,1895,312.68585059971275,1.0
10,13,5.0,229.5343029595299,1,-0.6290038548436122,-0.6290038548436122,-129.83669318562644,1.0338586910966114,5.0,0.0,7.0,2.0,229.5343029595299,15.593831049924447,317.4210446235201,100.35029143522256,808,2279,2106,2172,192.818703455921,1.0
10,14,5.0,269.20634448801485,1,0.9571986745576767,0.9571986745576767,-91.75085418654285,1.0838661321286054,5.0,2.0,4.0,3.0,269.20634448801485,99.41510244080499,220.56559799495966,160.19119310841143,1659,1585,2042,1573,224.59868578331427,1.0
10,15,4.0,211.9264859620408,1,-4.247143083731262,-4.247143083731262,-143.82637095422794,1.4172058326294064,4.0,5.0,2.0,3.0,211.9264859620408,267.3607988994164,99.54096679125837,171.84809974514295,1299,857,539,1255,109.20847143930985,1.0
10,16,1.0,67.9557302930379,1,4.086730837976477,4.086730837976477,63.86899945506143,3.2424824194931716,1.0,3.0,4.0,2.0,67.9557302930379,159.96837822748105,211.0418859588782,118.59431256032778,19,176,427,709,173.01913364646666,1.0
10,17,1.0,76.60614687788441,1,-8.022858426579875,-8.022858426579875,84.62900530446429,1.4256207559756149,1.0,0.0,4.0,5.0,76.60614687788441,32.93039967157373,186.01976364325958,267.33602291089323,2295,333,1991,28,227.02963118456967,1.0
10,18,0.0,2.809966772282661,1,5.267504920459771,5.267504920459771,-2.4575381481771097,1.3254613297267497,0.0,1.0,6.0,4.0,2.809966772282661,58.97707296817994,293.9670525087586,203.21473740062547,1428,119,376,1501,293.00076774737107,0.0
10,19,6.0,276.2120455601406,1,6.946566594395413,6.946566594395413,-90.73452103425483,1.0671728469042137,6.0,3.0,7.0,0.0,276.2120455601406,152.82438213824722,316.32670410779326,16.341281278486342,561,1150,181,1812,282.0767891241128,1.0
10,20,5.0,228.13726969889032,1,-2.0866778973780855,-2.0866778973780855,-129.77605240373157,1.242119776095933,5.0,2.0,1.0,6.0,228.13726969889032,108.37489751070021,58.96468095687064,276.97852114508646,401,330,2152,1189,191.9710259179926,1.0
10,21,6.0,307.3130296331278,1,4.149805000990552,4.149805000990552,-56.83677536786273,1.3005295962047967,6.0,0.0,5.0,3.0,307.3130296331278,24.676488312398924,256.9589848799987,136.56023589774006,1572,2344,1615,2006,350.18081096441404,1.0
10,22,0.0,4.224722985233345,0,15.316595157839885,115.89370794733732,-111.66898496210393,1.6005491538599017,0.0,5.0,1.0,2.0,4.224722985233345,263.647610195736,79.38052746362243,127.04468100159548,79,1185,974,2121,48.09186838121584,1.0
10,23,2.0,128.5150492992671,1,-2.2364961713716194,-2.2364961713716194,130.75154547063872,1.6421194339800422,2.0,6.0,5.0,1.0,128.5150492992671,273.0745003060834,226.4401953873615,78.96663297187621,753,1216,2262,1622,242.47663046733692,1.0
11,0,7.0,318.74778163906876,1,-4.040697458029237,-4.040697458029237,-37.21152090290202,1.1005035383404902,7.0,3.0,0.0,5.0,318.74778163906876,161.00526339215088,39.37436097367163,254.16273603572645,1575,65,1936,1187,325.9154607830115,1.0
11,1,6.0,290.42418954621616,0,-68.04737033748955,103.04746353927084,-172.62327399305474,1.167175754893833,6.0,2.0,7.0,3.0,290.42418954621616,119.32935566945575,331.3541293632156,176.07577823616438,1062,1570,480,1982,97.43195555500928,1.0
11,2,4.0,186.556749563504,1,-18.371724571957305,-18.371724571957305,-155.07152586453873,1.825602737842928,4.0,0.0,7.0,1.0,186.556749563504,23.51584392358641,326.4202147951592,67.2813551791156,167,452,1149,315,22.355174686638286,1.0
11,3,1.0,66.40991158702607,1,3.186776141181316,3.186776141181316,63.22313544584476,2.600682294165381,1.0,6.0,5.0,4.0,66.40991158702607,310.5073895360495,230.17949220536212,181.72497368232797,1204,856,501,705,287.5927739876532,1.0
11,4,6.0,300.67181915193197,1,4.6684733074205,4.6684733074205,-63.99665415548856,0.9504464334077056,6.0,1.0,2.0,0.0,300.67181915193197,67.3900766184092,131.7423151877881,2.3762607930303643,2028,322,2320,187,110.04034855843814,1.0
11,5,3.0,167.9905396186307,1,-3.6005486487686116,-3.6005486487686116,171.5910882673993,1.2504919348903059,3.0,5.0,0.0,2.0,167.9905396186307,249.10238541457332,18.8426564004935,105.20029522381023,3,1165,1681,11,85.48570807399312,1.0
11,6,4.0,180.8145926488718,1,-3.03143744117554,-3.03143744117554,-176.15396990995265,1.6005294821661664,4.0,2.0,7.0,5.0,180.8145926488718,105.19419530706227,359.0067750499013,233.6783131630295,1998,838,964,627,329.71646011194065,1.0
11,7,7.0,326.18128666682134,0,18.635729296334098,-54.74999003130381,20.93127669812515,1.5005630665946228,7.0,0.0,5.0,6.0,326.18128666682134,39.56700599445925,229.92793626646048,278.1969121077948,1358,2272,573,1318,58.97010492198501,1.0
11,8,7.0,321.5770387238321,1,-2.685049423384081,-2.685049423384081,-35.7379118527838,1.558864834936685,7.0,3.0,6.0,0.0,321.5770387238321,158.12921597586163,278.00601493176043,3.4239658327292166,245,1005,1972,938,285.2509133596285,1.0
11,9,0.0,1.3536154838951608,1,2.055161396240389,2.055161396240389,-0.7015459123452279,1.2172111354320805,0.0,3.0,1.0,2.0,1.3536154838951608,173.7176080277489,51.142923102900795,97.35363086057525,2287,1783,1564,256,81.45371235447993,1.0
11,10,0.0,37.57795129569101,1,-7.9320866812756785,-7.9320866812756785,45.510037976966686,2.0256419101733627,0.0,3.0,7.0,1.0,37.57795129569101,137.13610567629766,328.291731959773,81.43060651032906,1116,2209,2094,1226,81.09286094159665,1.0
11,11,2.0,130.04001625813362,1,3.3576655022400144,3.3576655022400144,126.68235075589361,1.0172061747452972,2.0,0.0,5.0,4.0,130.04001625813362,39.71471794418545,267.61966022519744,210.52961138620134,1637,1906,1527,2107,167.44530112659723,1.0
11,12,2.0,99.7839603235826,1,-15.105640839727757,-15.105640839727757,114.88960116331036,2.7090756071575015,2.0,5.0,3.0,0.0,99.7839603235826,225.64637873315277,175.98352425917432,36.00236767361499,1533,1915,1617,1169,294.62933912123475,1.0
11,13,2.0,131.39034086558024,0,2.04600621767848,-164.6238063322792,-63.98585280214059,1.6005502942480234,2.0,6.0,5.0,0.0,131.39034086558024,298.0601534155379,256.7722814705269,37.45749071601159,2100,1232,1503,740,346.9526312837478,1.0
11,14,5.0,234.50977486414,1,3.500768906645463,3.500768906645463,-128.99099404250546,1.608909338581725,5.0,6.0,7.0,0.0,234.50977486414,274.67289504338555,328.68583161233425,31.27410537572097,1639,1249,1338,1951,88.55778924733028,1.0
11,15,3.0,178.6045919112405,1,-6.475015948774094,-6.475015948774094,-174.9203921399854,1.2505603581739706,3.0,7.0,2.0,4.0,178.6045919112405,347.8863441770557,106.97035301986669,222.64755963109133,529,905,1520,1509,227.21090583859166,1.0
11,16,1.0,85.84563935332488,1,12.143127791212866,12.143127791212866,73.70251156211202,1.5423015539490734,1.0,6.0,3.0,4.0,85.84563935332488,292.1508055810193,136.91323979451684,216.01923384811656,1403,52,241,1129,348.66975518109234,1.0
11,17,1.0,76.06639590471592,1,2.648757845698825,2.648757845698825,73.4176380590171,0.9505296817351336,1.0,6.0,7.0,0.0,76.06639590471592,270.27903215066954,336.2960036632189,20.739514307767504,1021,1202,1850,701,66.72266586551807,1.0
11,18,6.0,314.75817590264154,0,-8.09124156854186,153.7146583791595,161.04351752348208,2.12564937971365,6.0,3.0,1.0,0.0,314.75817590264154,152.9522759549402,68.7702900861563,12.787096563739562,563,117,2122,1092,148.05963960272032,0.0
11,19,3.0,166.34487986632493,0,1.327902956684608,50.34709509910488,115.99778476722005,1.6337974522593868,3.0,2.0,0.0,5.0,166.34487986632493,117.32568772390468,5.410403294471898,264.4125523068266,1302,1159,1199,275,172.63860452289651,1.0
11,20,5.0,253.30096485652763,1,4.661985017780153,4.661985017780153,-111.36102016125257,0.9255603154088021,5.0,0.0,2.0,4.0,253.30096485652763,31.2975824800263,117.23503582615405,186.73546180284688,145,92,1098,397,218.3458434753087,1.0
11,21,0.0,1.5552793444351036,0,65.63897364634765,115.2862195052066,-113.7309401607715,1.2172610274101316,0.0,6.0,5.0,4.0,1.5552793444351036,311.90803348557614,269.8621435763026,190.13075383256094,1818,1735,1875,1148,108.11263989607872,1.0
11,22,4.0,214.76040716344244,1,4.00260150393535,4.00260150393535,-149.2421943404929,2.3089276988284837,4.0,7.0,2.0,1.0,214.76040716344244,330.933545070657,124.47892924911237,66.3811065973372,667,1874,1448,67,31.047146865388648,1.0
11,23,5.0,265.89493285705805,1,0.2936382120535874,0.2936382120535874,-94.39870535499553,3.7175472648086725,5.0,1.0,2.0,3.0,265.89493285705805,54.57563109987496,109.15506381092402,176.8244394309426,1286,1856,1956,1041,32.64583933306289,1.0
12,0,6.0,304.04470974492267,1,0.42392365979932706,0.42392365979932706,-56.379213914876665,1.7088238664964592,6.0,1.0,3.0,4.0,304.04470974492267,88.1671066068736,136.22945281225165,192.07343744476398,939,1135,214,1621,55.835862419846734,0.0
12,1,7.0,327.9484530017039,1,3.1776396118899632,3.1776396118899632,-35.229186610186055,1.133857037533744,7.0,5.0,2.0,0.0,327.9484530017039,239.155865052113,129.05604963527472,18.73958689474924,549,85,746,476,329.4890835951593,0.0
12,2,0.0,33.929187076900206,1,-0.6902785465595317,-0.6902785465595317,34.61946562345974,1.6754971664195182,0.0,1.0,3.0,7.0,33.929187076900206,76.78758544420887,179.71719419618654,332.828487643719,1464,1891,867,550,154.8511066095984,0.0
12,3,4.0,188.85090001534581,1,-12.412115487115484,-12.412115487115484,-158.73698449753869,1.4838518202577688,4.0,0.0,5.0,7.0,188.85090001534581,16.19280588845374,233.47128460220634,333.15877387337247,898,2236,1374,368,12.47728395678533,1.0
12,4,2.0,129.38936859690378,1,-0.12844709354968917,-0.12844709354968917,129.5178156904535,1.9256036501537892,2.0,1.0,6.0,7.0,129.38936859690378,67.2613582945714,276.3762030964291,357.68316077218674,2098,2303,248,1871,6.781602714010959,0.0
12,5,1.0,66.11500621644993,0,-3.485590379087518,-62.58448054896542,128.69948676541534,1.8756218678536243,1.0,2.0,6.0,4.0,66.11500621644993,125.21389638632783,294.43548861544616,213.32468776957177,110,1310,2140,936,67.41614454198567,0.0
12,6,2.0,114.1956052149408,1,-1.6322247804015098,-1.6322247804015098,115.8278299953423,1.2838514211216534,2.0,4.0,3.0,1.0,114.1956052149408,219.74776244119226,157.75360141676552,50.719534340479356,1312,723,1308,2342,117.8829363322256,0.0
12,7,3.0,177.83814993631128,0,8.891351779421912,-58.86242952650452,-123.29942053718419,1.0838247930623766,3.0,5.0,1.0,6.0,177.83814993631128,245.5919312422377,62.33558294435366,293.00540224373833,797,956,658,352,130.24031787346124,0.0
12,8,5.0,262.0374563743482,0,9.255718302029376,-38.4652614072271,-59.49728221842466,2.4257117019205907,5.0,6.0,4.0,7.0,262.0374563743482,309.7584360836047,197.24924421919093,355.2338975237945,469,373,1666,734,133.14309946002405,1.0
12,9,3.0,157.55052949264118,1,-8.98105561904777,-8.98105561904777,166.53158511168894,1.5672446913522435,3.0,6.0,7.0,5.0,157.55052949264118,295.35976476785055,350.48357924955195,232.98168164434438,2338,1579,298,1074,270.4696231320426,1.0
12,10,6.0,296.5417479287699,1,-8.123749404536335,-8.123749404536335,-55.33450266669379,1.200537521903243,6.0,1.0,7.0,3.0,296.5417479287699,87.64842466980285,357.3230682690525,136.4180167631745,2147,1776,662,1770,263.06289579349294,1.0
12,11,2.0,132.90909588608613,1,-2.0909041139138655,-2.0909041139138655,135.0,1.1838587766269484,2.0,1.0,7.0,4.0,132.90909588608613,54.140549338008476,318.26765405402256,199.69592737760638,880,1539,1279,139,57.8401478198826,1.0
12,12,1.0,61.47701698783658,0,90.86346666757446,-148.122812012634,-150.4001709995294,1.3005082139297883,1.0,6.0,2.0,4.0,61.47701698783658,300.463295668045,115.494793820724,203.90325276370018,2031,1534,414,1156,97.52296772844726,1.0
12,13,7.0,340.2480720864963,1,5.808037258320102,5.808037258320102,-25.559965171823816,1.3172451189966523,7.0,0.0,4.0,5.0,340.2480720864963,32.57177701778256,186.56224336000028,242.92251458027107,2118,282,1410,2235,220.85564188905929,1.0
12,14,5.0,238.2360550819485,0,1.5621761036159407,66.06513159200811,172.1709234899404,1.1922902355981932,5.0,3.0,1.0,0.0,238.2360550819485,173.73309959355635,78.66760745617779,25.934844302142285,1234,2011,304,1713,292.6136086130816,1.0
12,15,6.0,293.9392342365031,1,-7.1082879954119385,-7.1082879954119385,-58.952477768084925,1.1004892834880593,6.0,2.0,7.0,3.0,293.9392342365031,134.96177426859865,335.7583831628809,175.39305293562404,1440,1166,124,1211,280.4291271410391,0.0
12,16,3.0,176.3348588901806,1,-0.11828745231974724,-0.11828745231974724,176.45314634250036,1.2254846506621107,3.0,0.0,1.0,6.0,176.3348588901806,7.301463146140803,60.17174185483935,275.0674444992111,2293,1954,714,1008,195.7921201390169,1.0
12,17,7.0,342.6625804004336,0,-10.19657199146555,145.94077877409637,-163.27819837366275,1.7922278563728469,7.0,4.0,3.0,6.0,342.6625804004336,186.5252296348717,143.7215509335844,280.66041985004904,192,1326,1613,143,130.41732023716457,1.0
12,18,1.0,75.97754681010689,1,4.1830077567056625,4.1830077567056625,71.79453905340122,1.2839024534878263,1.0,5.0,3.0,7.0,75.97754681010689,228.47305524404794,154.9961609096586,336.0054764436964,1113,805,108,866,143.52906600779926,1.0
12,19,5.0,228.60538017962367,1,6.169150391088644,6.169150391088644,-137.563770211465,1.6756049330906535,5.0,6.0,4.0,7.0,228.60538017962367,293.34216824220647,184.4757440155301,337.64272324539246,448,2337,197,2001,332.19034446855244,1.0
12,20,0.0,34.21749839747321,1,-0.15220248857601748,-0.15220248857601748,34.36970088604922,1.917322152208726,0.0,3.0,2.0,6.0,34.21749839747321,175.16121107923206,123.37221984266003,290.89998344319514,1042,2271,1563,572,297.89582836555354,1.0
12,21,4.0,200.54740761828194,1,-9.48905273665285,-9.48905273665285,-149.96353964506523,1.0171383216566028,4.0,2.0,7.0,3.0,200.54740761828194,110.88729546070466,338.30632897798205,152.41366611562742,2258,94,907,966,62.793677945163026,1.0
12,22,0.0,16.141594261563476,1,-5.434950682625895,-5.434950682625895,21.576544944189372,1.0338202029997774,0.0,7.0,2.0,5.0,16.141594261563476,321.6002398577564,103.30578499982352,256.6287186101044,416,1712,782,2017,354.30282393640636,1.0
12,23,4.0,222.4355259577689,1,-0.8896360517018708,-0.8896360517018708,-136.67483799052923,1.033830751590358,4.0,7.0,2.0,0.0,222.4355259577689,317.09251383470325,128.50194361209736,8.565075491265025,323,686,479,693,246.27407870500124,1.0
13,0,4.0,205.29688128371825,1,-10.712927485285373,-10.712927485285373,-143.9901912309964,1.6755271016063489,4.0,0.0,3.0,7.0,205.29688128371825,25.81839549781861,156.86078001200426,320.3689954136447,2220,271,1657,2059,48.338848224877104,1.0
13,1,0.0,33.49624527192361,1,-3.9543329598131174,-3.9543329598131174,37.45057823173673,1.3922150840280665,0.0,2.0,6.0,7.0,33.49624527192361,134.8993895186906,287.81568763415896,332.8331604602044,2102,717,441,874,187.45917594625215,1.0
13,2,7.0,347.70814109653435,1,-0.61048411607463,-0.61048411607463,-11.681374787391018,1.1755687257700629,7.0,3.0,6.0,5.0,347.70814109653435,147.83038314287762,299.8950769019422,230.68334244354583,1718,1559,1605,1869,116.36858328711037,1.0
13,3,3.0,173.29281241221355,0,60.968166730986766,-46.572660152751965,-140.1345274350345,1.47549876296398,3.0,6.0,0.0,4.0,173.29281241221355,280.83363929595225,27.381604736632212,216.44886395750655,2108,794,523,2224,272.24302748521376,1.0
13,4,7.0,328.9279285712719,0,16.58741268089922,65.37746327511418,-96.44953470384229,1.7756426229152567,7.0,6.0,3.0,2.0,328.9279285712719,280.1378779770569,165.6997620837024,111.37469935857149,1996,1345,148,1315,142.532773180862,1.0
13,5,1.0,47.25975885208449,0,-5.774095101149826,-141.10612727194805,-171.63411387596744,1.5421270745791844,1.0,4.0,6.0,2.0,47.25975885208449,182.59179102288272,305.57234969006424,102.91868136005749,1504,732,2013,558,209.68851316615218,1.0
13,6,7.0,354.39273258249733,1,4.848983174728186,4.848983174728186,-10.456250592230882,1.4088271166019695,7.0,4.0,1.0,5.0,354.39273258249733,202.58804318447145,45.69322762716774,254.99965660275907,2316,1225,1609,200,51.69465147549704,1.0
13,7,0.0,17.575401216918657,1,-8.003777830614519,-8.003777830614519,25.579179047533174,1.558905033614792,0.0,7.0,5.0,3.0,17.575401216918657,322.27688554748374,251.9273111285745,161.72497170755824,1541,1391,2232,1331,300.9723085356957,1.0
13,8,1.0,81.56087806764401,0,-3.279752733985088,-61.28082514745905,142.84170321510305,1.5838592897998751,1.0,3.0,7.0,0.0,81.56087806764401,139.56195048111798,350.48406314214265,38.87716436125005,1340,542,998,969,138.9985047466959,1.0
13,9,4.0,184.61385821239531,1,-14.200527311945667,-14.200527311945667,-161.185614475659,1.1338174090506072,4.0,1.0,5.0,6.0,184.61385821239531,74.74473992493307,246.10563602539395,298.112306188893,447,1137,1567,843,57.81203897934863,1.0
13,10,2.0,122.9623178545512,0,7.251508000241164,-148.53201573671532,-88.50566640873346,1.2256642617776379,2.0,6.0,7.0,4.0,122.9623178545512,278.7458415915077,355.13607371901116,202.13659110484122,418,2230,1364,1756,163.02073117729722,0.0
13,11,6.0,308.3929295764815,0,-0.8963956784411062,153.1345736396218,155.2583559368597,1.3672303224611824,6.0,3.0,0.0,1.0,308.3929295764815,154.36196025841858,30.88102460198796,84.59183613586526,1937,1709,2134,201,188.53699191271477,0.0
13,12,2.0,131.56441366597062,1,-2.5955324643327224,-2.5955324643327224,134.15994613030335,1.6005260610036203,2.0,4.0,7.0,1.0,131.56441366597062,199.57410645977544,332.2506602075402,60.92113348837663,795,2240,1479,1675,133.5955584198259,1.0
13,13,0.0,9.362508223893165,1,6.249069475835948,6.249069475835948,3.1134387480572165,1.1755259612182272,0.0,7.0,1.0,3.0,9.362508223893165,325.7936304394561,65.34354400431098,135.72174942649121,1944,882,129,1314,57.91104704021501,1.0
13,14,6.0,273.9316678436568,1,4.659964796733183,4.659964796733183,-90.72829695307642,1.5255706359203032,6.0,1.0,0.0,3.0,273.9316678436568,83.32554462996686,10.07612971889876,172.41178695905646,631,1955,1207,937,86.74610649561312,1.0
13,15,4.0,181.57852553119096,1,-6.8143996562015205,-6.8143996562015205,-171.6070748126075,1.2754821132984944,4.0,1.0,2.0,6.0,181.57852553119096,80.18301017803113,120.91523065398437,302.15096871413476,86,1652,1058,728,210.98883880964468,1.0
13,16,1.0,61.597217492838496,1,5.017976640122797,5.017976640122797,56.5792408527157,1.200551776753855,1.0,6.0,0.0,2.0,61.597217492838496,313.58587541266513,13.243030565763048,134.63457372895564,1355,2132,1242,2267,297.345251767958,1.0
13,17,3.0,135.6114909300094,1,-3.225771187318257,-3.225771187318257,138.83726211732767,1.050508356478531,3.0,4.0,7.0,1.0,135.6114909300094,181.68291960865415,351.09824623775205,60.417490851674856,885,1905,1974,64,359.99791264296596,1.0
13,18,5.0,264.5927440158066,1,5.5238669382180525,5.5238669382180525,-100.93112292241146,3.4922895513645926,5.0,2.0,4.0,3.0,264.5927440158066,99.73489360097395,219.8621666354251,157.85126711247636,1424,710,2197,871,103.38023729420381,1.0
13,19,5.0,244.37294612122312,1,-0.7846647733216789,-0.7846647733216789,-114.8423891054552,1.3839199014255428,5.0,0.0,7.0,4.0,244.37294612122312,24.460536016804383,328.4635000810203,202.7174404426646,1141,1971,2120,122,344.37712281286167,1.0
13,20,2.0,90.8173702087816,1,-2.549090454648202,-2.549090454648202,93.3664606634298,1.1171284002812172,2.0,4.0,3.0,7.0,90.8173702087816,219.83625468234675,147.46283555167673,323.4107955951075,924,1883,659,1736,275.39435980715547,1.0
13,21,5.0,226.11880991558763,1,-1.4147489728069214,-1.4147489728069214,-132.46644111160543,1.4005262320606562,5.0,1.0,3.0,6.0,226.11880991558763,66.84164266039059,168.60402738949517,310.3136682001137,1593,243,557,1685,108.62603716506263,1.0
13,22,3.0,135.60463761100064,1,0.6046376110006381,0.6046376110006381,135.0,1.0004590061871568,3.0,4.0,0.0,1.0,135.60463761100064,202.76411281321683,7.643315481090937,57.020222834282585,1540,1281,614,2212,158.47182065621595,1.0
13,23,6.0,277.4211292346914,1,-2.1618154888411865,-2.1618154888411865,-80.41705527646742,0.6838074591632903,6.0,0.0,3.0,2.0,277.4211292346914,1.952159514474892,173.72923532451233,104.8825654694377,457,689,1778,1994,130.48214107567816,1.0
14,0,4.0,182.99640165466187,1,-13.74737873788104,-13.74737873788104,-163.25621960745707,1.4255067171707196,4.0,0.0,3.0,5.0,182.99640165466187,40.03183195551869,136.74843792488628,258.51092450455957,897,402,2302,1070,331.0577069513429,1.0
14,1,2.0,104.1598633503941,1,-7.73380979133432,-7.73380979133432,111.89367314172843,1.0254628692491679,2.0,3.0,0.0,4.0,104.1598633503941,151.89701255924035,6.187089130370434,214.40719591640328,1985,389,206,76,85.28389437211469,1.0
14,2,3.0,149.29847746563368,0,33.67870145422436,122.62281681300382,26.67566065262989,1.1171560546918045,3.0,1.0,0.0,4.0,149.29847746563368,60.354362106854246,0.32262822101069843,189.84833821248884,1102,2008,664,1333,29.203551585564412,1.0
14,3,7.0,315.1179934573513,1,-7.239845243116558,-7.239845243116558,-37.64216129953216,1.275595296810934,7.0,4.0,5.0,2.0,315.1179934573513,196.7644804270637,244.03367373886658,99.75728656134179,2339,910,1841,236,170.74830266621447,1.0
14,4,6.0,276.10767340755217,1,-3.8592733766647744,-3.8592733766647744,-80.03305321578306,1.300504507667938,6.0,1.0,3.0,7.0,276.10767340755217,58.451094019296946,176.22408558019453,353.2696111099676,1257,1395,2188,77,106.63207891350898,1.0
14,5,6.0,295.7677735653254,0,1.3724621712700005,-101.72749398406263,37.495267549388046,1.3089177204328735,6.0,0.0,2.0,3.0,295.7677735653254,38.86772972065805,96.88524507066357,144.33459989511556,2163,497,1807,787,216.2722672389398,1.0
14,6,2.0,97.32685354612136,0,12.628501752155804,-115.1443387447271,-147.52880770915152,1.7088803157039365,2.0,5.0,0.0,3.0,97.32685354612136,225.0996940430043,19.689532843112573,151.60385315527833,219,813,1011,849,316.0111610935391,1.0
14,7,5.0,254.4269383414194,1,6.73907463642108,6.73907463642108,-112.31213629500168,1.2671222136759752,5.0,2.0,0.0,1.0,254.4269383414194,130.14352892311345,10.278330387009722,66.17389508796012,1986,992,2183,2181,43.744966841815334,1.0
14,8,7.0,356.26363700530675,1,5.765831008923376,5.765831008923376,-9.502194003616594,1.03385812090346,7.0,5.0,4.0,2.0,356.26363700530675,254.32429868286223,208.20534642353874,122.06140797524719,154,786,2238,1945,263.113621649405,1.0
14,9,7.0,346.9888848537868,1,4.019041626673839,4.019041626673839,-17.03015677288705,0.9921193484515243,7.0,5.0,6.0,1.0,346.9888848537868,263.63935350777217,304.86851928867566,79.87424697253452,1834,138,1059,2330,49.06545613236777,1.0
14,10,1.0,59.78516165117332,1,0.024712349080969535,0.024712349080969535,59.76044930209235,1.1505905214380618,1.0,7.0,2.0,6.0,59.78516165117332,357.308274779152,119.84054292228024,299.1869568629971,1535,1180,769,1014,122.92547044910114,1.0
14,11,0.0,29.683655012490966,1,11.398303185171459,11.398303185171459,18.285351827319506,2.834068123360339,0.0,2.0,7.0,1.0,29.683655012490966,126.53260796890139,333.96706215290624,80.28716005746818,1799,170,1173,2278,224.01087643171522,1.0
14,12,2.0,97.98582065058183,0,-58.15487142360923,-111.22992020991795,-150.78425913950022,2.025631076485297,2.0,3.0,5.0,4.0,97.98582065058183,151.06086943689056,263.86558318948397,191.72510730736892,260,851,1798,174,270.0226352248152,1.0
14,13,1.0,66.72255108030389,0,-1.281278538449167,-99.97887858920186,166.70142966950573,1.4254770670813741,1.0,3.0,2.0,6.0,66.72255108030389,165.42015113105657,108.68251339648495,307.9611017732572,973,1726,2182,46,9.642174951372485,1.0
14,14,0.0,22.889751612469613,1,-1.9016800504678089,-1.9016800504678089,24.791431662937423,1.4004977223594324,0.0,6.0,4.0,5.0,22.889751612469613,295.332315775104,182.95454378831533,243.12308486708477,2319,1382,1082,1703,343.24526877046094,1.0
14,15,0.0,13.871336506311051,1,6.13773840728819,6.13773840728819,7.73359809902286,1.158848071232569,0.0,1.0,7.0,5.0,13.871336506311051,64.41237318602039,318.3896181657503,239.5780800537216,1924,1930,1068,609,247.44608921485178,1.0
14,16,3.0,165.3071988237855,1,-3.571340981324181,-3.571340981324181,168.87853980510968,1.9506528436431836,3.0,6.0,4.0,1.0,165.3071988237855,292.2583406986662,212.82511575872797,73.44469307730951,1292,437,1153,234,59.638815912712204,1.0
14,17,5.0,256.38713779032065,1,9.747855147750384,9.747855147750384,-113.36071735742978,1.5256114047915617,5.0,7.0,3.0,1.0,256.38713779032065,357.7948150429835,169.5296708680995,80.63860775045981,2365,1808,1126,881,125.27690252846693,1.0
14,18,6.0,291.758763218713,0,-17.550157065272895,110.58483367432042,-178.82607045560738,2.058945232294718,6.0,3.0,7.0,5.0,291.758763218713,163.62377247911974,340.1696809719145,244.98117049251877,290,608,1968,944,283.322458195097,1.0
14,19,4.0,183.1003213795331,1,-7.78520567512564,-7.78520567512564,-169.11447294534125,1.7505939996208326,4.0,5.0,0.0,6.0,183.1003213795331,256.6651085112831,20.576211876716435,297.32603870909867,930,1532,1378,644,55.57739928986104,0.0
14,20,5.0,253.46429365404234,1,6.501123503426262,6.501123503426262,-113.03682984938393,2.3173466135322087,5.0,7.0,6.0,0.0,253.46429365404234,349.96530281119067,296.84900521603186,40.36006937574389,1699,1851,1223,2095,352.3600105153568,0.0
14,21,1.0,55.11714838378763,1,-4.125045956705241,-4.125045956705241,59.24219434049287,1.4838914487427246,1.0,3.0,7.0,5.0,55.11714838378763,174.51775342577605,335.23685455967876,243.66938229675094,1463,1233,1981,1612,279.959222087329,1.0
14,22,3.0,160.30962473874308,1,4.122190515552374,4.122190515552374,156.1874342231907,1.1671711933431652,3.0,1.0,0.0,6.0,160.30962473874308,84.17667986664728,44.04639389035396,304.74599844334585,823,361,1228,2266,79.28529627355876,0.0
14,23,4.0,222.3017715187189,1,-6.285210650155676,-6.285210650155676,-131.41301783112542,2.0423463141814864,4.0,7.0,3.0,2.0,222.3017715187189,320.3601100511402,175.6678387806769,94.30448906567877,1453,2024,1236,2228,318.04350010546085,1.0
15,0,6.0,282.6809149186589,1,0.7549225362394452,0.7549225362394452,-78.07400761758056,0.8680231772450497,6.0,7.0,3.0,0.0,282.6809149186589,328.5912475814944,141.2638446088557,41.37892837790745,1838,1285,39,1608,313.13557592739335,1.0
15,1,1.0,63.65021687239336,1,0.8725521728344189,0.8725521728344189,62.77766469955894,1.0337164276897965,1.0,6.0,2.0,3.0,63.65021687239336,311.00498247890437,116.7682678208048,168.4746796467,1825,2036,1591,1406,277.0129775248436,1.0
15,2,4.0,224.61762938292628,1,-0.7275217402378829,-0.7275217402378829,-134.65484887683587,1.033929965349671,4.0,0.0,2.0,1.0,224.61762938292628,10.553085961006268,100.35655700669831,57.662525519630876,451,1219,543,1583,224.4155927409911,1.0
15,3,7.0,346.305057139098,0,-49.65438817038773,95.41580950342751,-109.11075236432953,1.6672367656556162,7.0,4.0,1.0,5.0,346.305057139098,201.23485946528274,45.70818345844663,255.39650966446482,2260,1596,2202,1679,8.049052110891214,1.0
15,4,7.0,322.1707018335656,1,-13.232044007311504,-13.232044007311504,-24.597254159122862,0.6838319775069976,7.0,1.0,2.0,0.0,322.1707018335656,73.74652737409494,114.86411631707902,4.252978064436879,306,51,855,1912,139.10514585628073,1.0
15,5,4.0,197.83981911671958,1,-5.639783866059902,-5.639783866059902,-156.52039701722055,1.9339327592988411,4.0,6.0,0.0,2.0,197.83981911671958,309.2377317139244,12.118480133730746,122.6256892917967,621,712,1494,541,38.697203620810726,1.0
15,6,0.0,27.949587501051468,0,-16.73277385862075,165.2666498869228,-137.3170623858713,1.2589519035645935,0.0,4.0,6.0,3.0,27.949587501051468,205.95016375550793,301.23257645711567,164.34413075877595,1931,339,1096,1477,285.0767948163363,1.0
15,7,3.0,157.03289685017884,0,-7.61126056090562,-65.58115911943236,-137.38594403038883,0.9004951564875228,3.0,4.0,0.0,1.0,157.03289685017884,215.00279540870554,21.97824045915518,85.34072031384142,1229,1587,2010,633,224.37771841085404,1.0
15,8,2.0,120.4213443441266,1,-12.863725460346854,-12.863725460346854,133.28506980447344,0.6004308386018238,2.0,1.0,5.0,0.0,120.4213443441266,48.577265209300116,228.11152478393524,6.466898343685699,179,1496,232,1409,142.58041441831824,1.0
15,9,5.0,246.19548811458128,1,-1.912943890454709,-1.912943890454709,-111.89156799496402,0.9672007293920615,5.0,1.0,6.0,0.0,246.19548811458128,53.516957094321185,288.6041242616272,5.4059334952542635,1529,208,2327,610,121.99133886028642,1.0
15,10,0.0,8.114253178357643,1,6.259167924862981,6.259167924862981,1.8550852534946625,1.2921953553141066,0.0,3.0,5.0,2.0,8.114253178357643,175.31145723463405,265.3407174582607,126.35936644756707,1288,475,591,2284,188.23888926090072,1.0
15,11,0.0,10.13303899405588,1,-6.521267382867453,-6.521267382867453,16.654306376923333,1.4005781197156466,0.0,3.0,6.0,4.0,10.13303899405588,136.1974697672281,314.7594700654409,204.31677330300155,385,23,2198,854,242.0529658184734,1.0
15,12,1.0,50.000213501268476,1,-9.777948231668892,-9.777948231668892,59.77816173293737,0.9004925906137942,1.0,6.0,2.0,7.0,50.000213501268476,277.4156310064279,119.8046760423694,327.1327495858927,2190,1651,281,2311,52.1535145455282,1.0
15,13,6.0,282.8024437695272,0,-38.59941612809349,-177.94852322366089,100.75096699318806,1.2839440776515403,6.0,1.0,2.0,3.0,282.8024437695272,62.15155086509458,116.56875624136619,164.78749214765304,742,1690,1523,2079,331.0296391346216,1.0
15,14,2.0,118.73912570126126,1,-8.743285726457216,-8.743285726457216,127.48241142771847,1.8172385617654072,2.0,1.0,3.0,5.0,118.73912570126126,45.51076861494341,176.47028843926051,268.65510128064784,357,873,1730,1104,248.8992103138597,1.0
15,15,1.0,86.50554573404065,1,-6.620948790791365,-6.620948790791365,93.12649452483201,1.4923360221782787,1.0,5.0,7.0,0.0,86.50554573404065,227.2127623408941,318.8124506163173,7.556867064250504,155,1577,277,2305,292.3940905772127,1.0
15,16,3.0,138.0675127633284,1,-7.71678510423422,-7.71678510423422,145.78429786756263,0.9254670886875829,3.0,1.0,4.0,5.0,138.0675127633284,64.60513212093635,206.88085594604186,269.17709479482676,390,2149,2256,1010,135.02031612956063,1.0
15,17,4.0,219.90903688427258,1,-1.5874314709429618,-1.5874314709429618,-138.50353164478446,1.3171479009160976,4.0,0.0,3.0,5.0,219.90903688427258,35.23605679044523,170.27665717399236,263.99931986004424,675,190,1803,1980,323.72993102789263,1.0
15,18,7.0,332.52605836982696,1,9.586464971165439,9.586464971165439,-37.06040660133849,1.4338951264944626,7.0,3.0,6.0,2.0,332.52605836982696,172.84447284081446,275.7758040687781,100.22918387489435,2137,1289,688,1623,84.97149355762328,1.0
15,19,5.0,229.89211987111275,1,0.04227596932996299,0.04227596932996299,-130.1501560982172,0.9420933761139167,5.0,0.0,7.0,3.0,229.89211987111275,40.601845600781566,348.2942761980061,151.7951334468974,581,616,1997,1943,45.357442438591264,0.0
15,20,2.0,106.25949353830231,0,-4.398648638118597,-124.46834178330312,-129.27216467839457,2.292479026838919,2.0,5.0,6.0,7.0,106.25949353830231,226.32918668348682,308.26522284841303,349.29432443186704,178,1033,289,1561,54.23085649009436,0.0
15,21,3.0,172.86360652273828,1,2.131442785559422,2.131442785559422,170.73216373717887,0.942141842604542,3.0,7.0,5.0,6.0,172.86360652273828,355.94972099852475,241.38094510809805,305.7691299231538,318,1578,1863,1728,294.28475252083325,1.0
15,22,5.0,233.6312775194931,0,22.99099821489974,-161.1246350340483,34.75591255354137,1.3005449914435303,5.0,1.0,0.0,3.0,233.6312775194931,57.74691076844111,4.09771964065321,145.46134986364035,1801,1502,1686,130,347.95356681651896,1.0
15,23,6.0,306.2796458677663,1,7.80190285940679,7.80190285940679,-61.52225699164048,2.2339449044320645,6.0,5.0,2.0,1.0,306.2796458677663,243.27190035953566,133.76732794830582,80.88716044810084,1476,2300,1646,1372,59.56707774202644,1.0
